season,week,award,award_name,roster_id,value,caption,player_id
2026,1,top_score,Top score,1,195.12,"Put up 195.1, the best of the week.",
2026,1,lowest_score,Lowest score,7,89.02,Managed 89.0. Everyone else did better.,
2026,1,heartbreaker,Heartbreaker,2,162.52,"Scored 162.5, 3rd-best of the week, and still lost.",
2026,1,robbery,Robbery,5,107.36,"Won with 107.4, the 10th-best score.",
2026,1,blowout,Blowout,1,86.3,Beat Achane's Smoked by 86.3.,
2026,1,bench_blunder,Bench blunder,7,43.68,Left 43.7 points on the bench.,
2026,1,mvp,MVP,9,37.26,Caleb Williams scored 37.3.,11560
2026,1,pickup_of_the_week,Pickup of the week,1,14.0,"Tyler Loop, added as a free agent in week 1, scored 14.0.",12711
2026,2,top_score,Top score,10,154.18,"Put up 154.2, the best of the week.",
2026,2,lowest_score,Lowest score,5,84.08,Managed 84.1. Everyone else did better.,
2026,2,heartbreaker,Heartbreaker,7,130.24,"Scored 130.2, 4th-best of the week, and still lost.",
2026,2,robbery,Robbery,11,125.88,"Won with 125.9, the 8th-best score.",
2026,2,blowout,Blowout,10,70.1,Beat Burrow UrFace N My Butker by 70.1.,
2026,2,bench_blunder,Bench blunder,5,25.22,Left 25.2 points on the bench.,
2026,2,mvp,MVP,2,40.82,Josh Allen scored 40.8.,4984
2026,2,pickup_of_the_week,Pickup of the week,9,26.0,"Carolina Panthers, added as a free agent in week 2, scored 26.0.",CAR
2026,3,top_score,Top score,4,147.02,"Put up 147.0, the best of the week.",
2026,3,lowest_score,Lowest score,5,98.82,Managed 98.8. Everyone else did better.,
2026,3,heartbreaker,Heartbreaker,12,142.12,"Scored 142.1, 3rd-best of the week, and still lost.",
2026,3,robbery,Robbery,11,109.18,"Won with 109.2, the 10th-best score.",
2026,3,blowout,Blowout,9,33.82,Beat Burrow UrFace N My Butker by 33.8.,
2026,3,bench_blunder,Bench blunder,11,33.86,Left 33.9 points on the bench.,
2026,3,mvp,MVP,4,37.9,Jahmyr Gibbs scored 37.9.,9221
2026,3,pickup_of_the_week,Pickup of the week,10,22.22,"Kirk Cousins, added off waivers in week 2, scored 22.2.",1166
