season,week,roster_id,actual_points,optimal_points,bench_points_lost,efficiency
2020,1,1,153.62,171.54,17.92,0.8955
2020,1,2,132.54,142.24,9.7,0.9318
2020,1,3,116.62,127.02,10.4,0.9181
2020,1,4,108.06,118.86,10.8,0.9091
2020,1,5,130.06,143.96,13.9,0.9034
2020,1,6,150.42,157.72,7.3,0.9537
2020,1,7,127.68,136.38,8.7,0.9362
2020,1,8,102.56,138.8,36.24,0.7389
2020,1,9,144.08,155.48,11.4,0.9267
2020,1,10,146.16,177.46,31.3,0.8236
2020,1,11,158.72,168.22,9.5,0.9435
2020,1,12,105.88,122.58,16.7,0.8638
2020,2,1,148.74,176.8,28.06,0.8413
2020,2,2,159.1,186.6,27.5,0.8526
2020,2,3,127.7,146.6,18.9,0.8711
2020,2,4,122.86,134.56,11.7,0.913
2020,2,5,139.12,167.1,27.98,0.8326
2020,2,6,75.42,100.6,25.18,0.7497
2020,2,7,138.38,165.58,27.2,0.8357
2020,2,8,140.36,153.84,13.48,0.9124
2020,2,9,143.78,177.58,33.8,0.8097
2020,2,10,134.62,144.32,9.7,0.9328
2020,2,11,151.52,161.42,9.9,0.9387
2020,2,12,107.94,111.84,3.9,0.9651
2020,3,1,121.58,154.82,33.24,0.7853
2020,3,2,150.72,164.52,13.8,0.9161
2020,3,3,129.72,139.72,10.0,0.9284
2020,3,4,133.78,153.18,19.4,0.8734
2020,3,5,118.6,131.0,12.4,0.9053
2020,3,6,118.36,122.26,3.9,0.9681
2020,3,7,195.88,195.88,0.0,1.0
2020,3,8,136.0,146.54,10.54,0.9281
2020,3,9,140.4,143.8,3.4,0.9764
2020,3,10,133.58,142.18,8.6,0.9395
2020,3,11,108.28,125.78,17.5,0.8609
2020,3,12,119.12,130.42,11.3,0.9134
2020,4,1,101.4,136.24,34.84,0.7443
2020,4,2,114.08,125.38,11.3,0.9099
2020,4,3,120.1,120.1,0.0,1.0
2020,4,4,169.28,189.48,20.2,0.8934
2020,4,5,120.72,131.72,11.0,0.9165
2020,4,6,143.78,154.08,10.3,0.9332
2020,4,7,142.32,156.82,14.5,0.9075
2020,4,8,146.78,160.88,14.1,0.9124
2020,4,9,127.2,141.56,14.36,0.8986
2020,4,10,148.18,159.58,11.4,0.9286
2020,4,11,113.2,130.1,16.9,0.8701
2020,4,12,112.56,119.62,7.06,0.941
2020,5,1,120.4,145.8,25.4,0.8258
2020,5,2,116.4,123.14,6.74,0.9453
2020,5,3,143.66,143.66,0.0,1.0
2020,5,4,121.82,152.24,30.42,0.8002
2020,5,5,106.38,114.7,8.32,0.9275
2020,5,6,143.18,152.68,9.5,0.9378
2020,5,7,145.38,150.98,5.6,0.9629
2020,5,8,119.32,144.78,25.46,0.8241
2020,5,9,101.66,128.46,26.8,0.7914
2020,5,10,158.62,178.6,19.98,0.8881
2020,5,11,123.7,143.6,19.9,0.8614
2020,5,12,110.4,113.4,3.0,0.9735
2020,6,1,129.94,131.74,1.8,0.9863
2020,6,2,109.76,116.86,7.1,0.9392
2020,6,3,150.52,178.28,27.76,0.8443
2020,6,4,87.46,110.26,22.8,0.7932
2020,6,5,160.74,178.46,17.72,0.9007
2020,6,6,79.02,128.34,49.32,0.6157
2020,6,7,152.66,167.96,15.3,0.9089
2020,6,8,139.24,156.84,17.6,0.8878
2020,6,9,100.28,107.38,7.1,0.9339
2020,6,10,113.36,116.96,3.6,0.9692
2020,6,11,111.64,125.64,14.0,0.8886
2020,6,12,74.26,74.26,0.0,1.0
2020,7,1,197.96,204.66,6.7,0.9673
2020,7,2,149.56,149.56,0.0,1.0
2020,7,3,132.72,151.62,18.9,0.8753
2020,7,4,130.36,153.56,23.2,0.8489
2020,7,5,81.7,97.2,15.5,0.8405
2020,7,6,121.66,136.06,14.4,0.8942
2020,7,7,164.26,170.96,6.7,0.9608
2020,7,8,115.56,133.52,17.96,0.8655
2020,7,9,127.28,151.02,23.74,0.8428
2020,7,10,124.46,147.36,22.9,0.8446
2020,7,11,105.92,121.52,15.6,0.8716
2020,7,12,70.16,98.44,28.28,0.7127
2020,8,1,145.06,160.26,15.2,0.9052
2020,8,2,83.2,95.6,12.4,0.8703
2020,8,3,109.2,142.7,33.5,0.7652
2020,8,4,136.0,152.3,16.3,0.893
2020,8,5,80.3,88.24,7.94,0.91
2020,8,6,68.12,78.72,10.6,0.8653
2020,8,7,129.76,146.32,16.56,0.8868
2020,8,8,135.88,147.48,11.6,0.9213
2020,8,9,125.98,134.38,8.4,0.9375
2020,8,10,159.08,161.46,2.38,0.9853
2020,8,11,81.44,91.04,9.6,0.8946
2020,8,12,78.74,84.84,6.1,0.9281
2020,9,1,142.56,145.06,2.5,0.9828
2020,9,2,113.58,117.08,3.5,0.9701
2020,9,3,93.56,117.86,24.3,0.7938
2020,9,4,154.14,168.24,14.1,0.9162
2020,9,5,111.14,127.54,16.4,0.8714
2020,9,6,124.72,124.72,0.0,1.0
2020,9,7,106.7,138.6,31.9,0.7698
2020,9,8,137.38,144.28,6.9,0.9522
2020,9,9,135.98,139.18,3.2,0.977
2020,9,10,104.68,141.34,36.66,0.7406
2020,9,11,112.7,128.6,15.9,0.8764
2020,9,12,73.72,92.36,18.64,0.7982
2020,10,1,113.9,119.6,5.7,0.9523
2020,10,2,132.22,153.02,20.8,0.8641
2020,10,3,109.4,143.88,34.48,0.7604
2020,10,4,88.96,124.56,35.6,0.7142
2020,10,5,122.2,134.6,12.4,0.9079
2020,10,6,106.1,140.08,33.98,0.7574
2020,10,7,120.58,146.18,25.6,0.8249
2020,10,8,80.7,85.7,5.0,0.9417
2020,10,9,120.28,134.64,14.36,0.8933
2020,10,10,116.54,144.84,28.3,0.8046
2020,10,11,107.02,111.22,4.2,0.9622
2020,10,12,70.68,72.08,1.4,0.9806
2020,11,1,132.76,137.54,4.78,0.9652
2020,11,2,162.22,162.22,0.0,1.0
2020,11,3,141.34,154.44,13.1,0.9152
2020,11,4,134.26,154.16,19.9,0.8709
2020,11,5,148.76,159.36,10.6,0.9335
2020,11,6,79.12,89.62,10.5,0.8828
2020,11,7,131.78,138.68,6.9,0.9502
2020,11,8,126.62,143.32,16.7,0.8835
2020,11,9,113.42,131.8,18.38,0.8605
2020,11,10,97.46,102.06,4.6,0.9549
2020,11,11,155.92,171.52,15.6,0.909
2020,11,12,46.82,77.12,30.3,0.6071
2020,12,1,141.52,147.12,5.6,0.9619
2020,12,2,127.28,130.18,2.9,0.9777
2020,12,3,125.68,128.98,3.3,0.9744
2020,12,4,152.86,176.72,23.86,0.865
2020,12,5,149.14,151.24,2.1,0.9861
2020,12,6,113.5,123.6,10.1,0.9183
2020,12,7,111.18,137.18,26.0,0.8105
2020,12,8,113.3,114.9,1.6,0.9861
2020,12,9,78.66,102.58,23.92,0.7668
2020,12,10,156.72,169.02,12.3,0.9272
2020,12,11,143.1,169.0,25.9,0.8467
2020,12,12,117.1,131.9,14.8,0.8878
2020,13,1,145.18,159.28,14.1,0.9115
2020,13,2,163.76,190.6,26.84,0.8592
2020,13,3,92.16,138.16,46.0,0.6671
2020,13,4,84.94,121.32,36.38,0.7001
2020,13,5,142.7,160.2,17.5,0.8908
2020,13,6,117.68,134.08,16.4,0.8777
2020,13,7,122.9,133.7,10.8,0.9192
2020,13,8,120.68,123.08,2.4,0.9805
2020,13,9,94.52,127.62,33.1,0.7406
2020,13,10,115.72,117.42,1.7,0.9855
2020,13,11,135.24,147.54,12.3,0.9166
2020,13,12,122.92,175.26,52.34,0.7014
2020,14,1,56.9,148.94,92.04,0.382
2020,14,2,50.52,164.88,114.36,0.3064
2020,14,3,54.6,143.16,88.56,0.3814
2020,14,4,111.56,130.06,18.5,0.8578
2020,14,5,152.56,162.36,9.8,0.9396
2020,14,6,99.82,103.66,3.84,0.963
2020,14,7,172.76,188.06,15.3,0.9186
2020,14,8,120.64,133.54,12.9,0.9034
2020,14,9,133.42,173.62,40.2,0.7685
2020,14,10,119.18,119.18,0.0,1.0
2020,14,11,77.56,110.86,33.3,0.6996
2020,14,12,127.32,127.32,0.0,1.0
2020,15,1,99.28,117.84,18.56,0.8425
2020,15,2,163.02,184.52,21.5,0.8835
2020,15,3,67.4,168.82,101.42,0.3992
2020,15,4,113.86,139.42,25.56,0.8167
2020,15,5,137.44,153.94,16.5,0.8928
2020,15,6,50.96,126.7,75.74,0.4022
2020,15,7,161.36,164.76,3.4,0.9794
2020,15,8,176.08,190.68,14.6,0.9234
2020,15,9,90.88,130.7,39.82,0.6953
2020,15,10,117.16,158.16,41.0,0.7408
2020,15,11,100.76,130.66,29.9,0.7712
2020,15,12,86.26,112.14,25.88,0.7692
2020,16,1,111.94,147.22,35.28,0.7604
2020,16,2,176.98,176.98,0.0,1.0
2020,16,3,48.94,106.28,57.34,0.4605
2020,16,4,63.82,78.44,14.62,0.8136
2020,16,5,131.64,141.64,10.0,0.9294
2020,16,6,80.96,120.56,39.6,0.6715
2020,16,7,159.92,176.42,16.5,0.9065
2020,16,8,147.1,160.3,13.2,0.9177
2020,16,9,151.82,183.72,31.9,0.8264
2020,16,10,128.26,144.56,16.3,0.8872
2020,16,11,172.2,221.8,49.6,0.7764
2020,16,12,52.28,93.34,41.06,0.5601
2021,1,1,140.08,150.08,10.0,0.9334
2021,1,2,177.12,203.22,26.1,0.8716
2021,1,3,171.9,180.42,8.52,0.9528
2021,1,4,95.54,113.02,17.48,0.8453
2021,1,5,120.1,130.2,10.1,0.9224
2021,1,6,94.94,120.24,25.3,0.7896
2021,1,7,145.34,179.32,33.98,0.8105
2021,1,8,135.02,146.72,11.7,0.9203
2021,1,9,130.54,147.04,16.5,0.8878
2021,1,10,135.86,141.46,5.6,0.9604
2021,1,11,132.32,150.16,17.84,0.8812
2021,1,12,137.34,142.24,4.9,0.9656
2021,2,1,114.94,129.94,15.0,0.8846
2021,2,2,201.74,203.24,1.5,0.9926
2021,2,3,91.02,105.52,14.5,0.8626
2021,2,4,102.56,123.16,20.6,0.8327
2021,2,5,166.54,178.54,12.0,0.9328
2021,2,6,104.04,113.64,9.6,0.9155
2021,2,7,123.18,161.2,38.02,0.7641
2021,2,8,96.84,132.12,35.28,0.733
2021,2,9,134.4,152.76,18.36,0.8798
2021,2,10,134.48,134.48,0.0,1.0
2021,2,11,136.3,142.9,6.6,0.9538
2021,2,12,136.22,152.92,16.7,0.8908
2021,3,1,105.38,120.92,15.54,0.8715
2021,3,2,151.02,164.72,13.7,0.9168
2021,3,3,114.3,131.5,17.2,0.8692
2021,3,4,131.68,165.36,33.68,0.7963
2021,3,5,101.86,117.76,15.9,0.865
2021,3,6,123.44,155.44,32.0,0.7941
2021,3,7,109.86,144.56,34.7,0.76
2021,3,8,153.16,164.66,11.5,0.9302
2021,3,9,111.36,118.36,7.0,0.9409
2021,3,10,112.34,124.84,12.5,0.8999
2021,3,11,128.56,134.66,6.1,0.9547
2021,3,12,127.78,147.78,20.0,0.8647
2021,4,1,97.66,115.84,18.18,0.8431
2021,4,2,141.38,168.78,27.4,0.8377
2021,4,3,169.82,178.02,8.2,0.9539
2021,4,4,99.52,116.22,16.7,0.8563
2021,4,5,135.06,144.06,9.0,0.9375
2021,4,6,166.04,168.74,2.7,0.984
2021,4,7,113.84,128.34,14.5,0.887
2021,4,8,118.44,121.44,3.0,0.9753
2021,4,9,109.66,114.66,5.0,0.9564
2021,4,10,151.9,155.6,3.7,0.9762
2021,4,11,134.04,166.54,32.5,0.8049
2021,4,12,143.96,169.66,25.7,0.8485
2021,5,1,123.28,127.98,4.7,0.9633
2021,5,2,150.9,155.9,5.0,0.9679
2021,5,3,142.7,163.7,21.0,0.8717
2021,5,4,173.66,201.82,28.16,0.8605
2021,5,5,150.6,186.5,35.9,0.8075
2021,5,6,159.98,172.68,12.7,0.9265
2021,5,7,132.94,136.44,3.5,0.9743
2021,5,8,120.04,143.9,23.86,0.8342
2021,5,9,163.02,187.52,24.5,0.8693
2021,5,10,131.9,151.68,19.78,0.8696
2021,5,11,93.94,111.44,17.5,0.843
2021,5,12,137.24,156.14,18.9,0.879
2021,6,1,137.38,137.58,0.2,0.9985
2021,6,2,148.14,148.54,0.4,0.9973
2021,6,3,121.82,134.82,13.0,0.9036
2021,6,4,124.12,140.72,16.6,0.882
2021,6,5,171.48,172.48,1.0,0.9942
2021,6,6,111.98,127.38,15.4,0.8791
2021,6,7,124.9,135.8,10.9,0.9197
2021,6,8,143.28,164.7,21.42,0.8699
2021,6,9,112.72,133.92,21.2,0.8417
2021,6,10,119.96,121.66,1.7,0.986
2021,6,11,131.06,150.36,19.3,0.8716
2021,6,12,114.4,150.7,36.3,0.7591
2021,7,1,124.64,129.64,5.0,0.9614
2021,7,2,149.08,149.08,0.0,1.0
2021,7,3,131.92,137.22,5.3,0.9614
2021,7,4,125.6,144.14,18.54,0.8714
2021,7,5,142.42,142.42,0.0,1.0
2021,7,6,115.72,129.22,13.5,0.8955
2021,7,7,138.14,142.94,4.8,0.9664
2021,7,8,103.18,103.18,0.0,1.0
2021,7,9,86.42,86.42,0.0,1.0
2021,7,10,137.26,137.66,0.4,0.9971
2021,7,11,112.16,113.58,1.42,0.9875
2021,7,12,139.22,147.62,8.4,0.9431
2021,8,1,121.26,126.96,5.7,0.9551
2021,8,2,142.46,156.3,13.84,0.9115
2021,8,3,141.2,147.1,5.9,0.9599
2021,8,4,98.56,98.56,0.0,1.0
2021,8,5,111.32,116.62,5.3,0.9546
2021,8,6,90.8,114.9,24.1,0.7903
2021,8,7,140.48,140.48,0.0,1.0
2021,8,8,122.84,125.64,2.8,0.9777
2021,8,9,106.2,107.8,1.6,0.9852
2021,8,10,135.58,135.58,0.0,1.0
2021,8,11,89.24,120.5,31.26,0.7406
2021,8,12,95.64,103.74,8.1,0.9219
2021,9,1,118.28,129.28,11.0,0.9149
2021,9,2,116.78,120.88,4.1,0.9661
2021,9,3,96.52,110.42,13.9,0.8741
2021,9,4,76.94,102.64,25.7,0.7496
2021,9,5,95.84,109.84,14.0,0.8725
2021,9,6,128.22,133.42,5.2,0.961
2021,9,7,141.8,141.8,0.0,1.0
2021,9,8,114.3,115.2,0.9,0.9922
2021,9,9,113.26,124.24,10.98,0.9116
2021,9,10,95.4,125.8,30.4,0.7583
2021,9,11,131.1,131.1,0.0,1.0
2021,9,12,116.12,156.34,40.22,0.7427
2021,10,1,161.46,161.46,0.0,1.0
2021,10,2,129.34,141.44,12.1,0.9145
2021,10,3,113.16,113.16,0.0,1.0
2021,10,4,124.88,124.88,0.0,1.0
2021,10,5,89.44,100.44,11.0,0.8905
2021,10,6,86.42,96.14,9.72,0.8989
2021,10,7,111.62,128.22,16.6,0.8705
2021,10,8,126.56,134.36,7.8,0.9419
2021,10,9,76.0,79.5,3.5,0.956
2021,10,10,134.22,136.02,1.8,0.9868
2021,10,11,103.52,114.0,10.48,0.9081
2021,10,12,96.92,105.92,9.0,0.915
2021,11,1,146.94,163.34,16.4,0.8996
2021,11,2,140.66,142.1,1.44,0.9899
2021,11,3,111.36,120.36,9.0,0.9252
2021,11,4,105.9,123.2,17.3,0.8596
2021,11,5,101.12,111.62,10.5,0.9059
2021,11,6,124.62,124.62,0.0,1.0
2021,11,7,164.04,164.04,0.0,1.0
2021,11,8,74.36,77.06,2.7,0.965
2021,11,9,107.98,109.26,1.28,0.9883
2021,11,10,141.96,159.46,17.5,0.8903
2021,11,11,131.06,131.46,0.4,0.997
2021,11,12,153.26,173.96,20.7,0.881
2021,12,1,114.88,117.18,2.3,0.9804
2021,12,2,112.12,141.62,29.5,0.7917
2021,12,3,71.34,112.34,41.0,0.635
2021,12,4,131.88,137.38,5.5,0.96
2021,12,5,146.82,166.52,19.7,0.8817
2021,12,6,137.48,154.1,16.62,0.8921
2021,12,7,128.98,144.68,15.7,0.8915
2021,12,8,116.1,116.1,0.0,1.0
2021,12,9,94.2,94.6,0.4,0.9958
2021,12,10,122.22,138.48,16.26,0.8826
2021,12,11,117.9,132.2,14.3,0.8918
2021,12,12,106.58,118.48,11.9,0.8996
2021,13,1,135.0,140.9,5.9,0.9581
2021,13,2,164.08,169.88,5.8,0.9659
2021,13,3,81.82,84.72,2.9,0.9658
2021,13,4,105.76,113.1,7.34,0.9351
2021,13,5,99.96,106.06,6.1,0.9425
2021,13,6,109.3,128.8,19.5,0.8486
2021,13,7,130.66,130.66,0.0,1.0
2021,13,8,135.26,142.26,7.0,0.9508
2021,13,9,106.5,139.7,33.2,0.7623
2021,13,10,183.68,193.88,10.2,0.9474
2021,13,11,106.32,132.42,26.1,0.8029
2021,13,12,115.16,120.26,5.1,0.9576
2021,14,1,105.94,109.04,3.1,0.9716
2021,14,2,161.14,184.34,23.2,0.8741
2021,14,3,149.14,155.44,6.3,0.9595
2021,14,4,146.48,155.48,9.0,0.9421
2021,14,5,191.22,191.22,0.0,1.0
2021,14,6,144.94,144.94,0.0,1.0
2021,14,7,113.38,115.38,2.0,0.9827
2021,14,8,100.2,112.1,11.9,0.8938
2021,14,9,89.98,92.38,2.4,0.974
2021,14,10,148.12,151.32,3.2,0.9789
2021,14,11,134.84,135.24,0.4,0.997
2021,14,12,128.94,128.94,0.0,1.0
2021,15,1,108.68,131.78,23.1,0.8247
2021,15,2,120.78,142.98,22.2,0.8447
2021,15,3,97.52,104.92,7.4,0.9295
2021,15,4,105.28,121.18,15.9,0.8688
2021,15,5,96.22,105.88,9.66,0.9088
2021,15,6,95.02,127.02,32.0,0.7481
2021,15,7,91.1,106.7,15.6,0.8538
2021,15,8,111.5,140.16,28.66,0.7955
2021,15,9,113.38,130.08,16.7,0.8716
2021,15,10,105.72,120.72,15.0,0.8757
2021,15,11,91.34,108.74,17.4,0.84
2021,15,12,121.08,145.78,24.7,0.8306
2021,16,1,109.6,114.0,4.4,0.9614
2021,16,2,119.32,144.62,25.3,0.8251
2021,16,3,109.34,122.6,13.26,0.8918
2021,16,4,191.1,209.7,18.6,0.9113
2021,16,5,141.54,156.34,14.8,0.9053
2021,16,6,118.12,120.22,2.1,0.9825
2021,16,7,124.28,131.98,7.7,0.9417
2021,16,8,123.42,131.58,8.16,0.938
2021,16,9,103.04,109.64,6.6,0.9398
2021,16,10,151.96,153.76,1.8,0.9883
2021,16,11,122.6,132.1,9.5,0.9281
2021,16,12,109.2,122.1,12.9,0.8943
2021,17,1,128.26,149.36,21.1,0.8587
2021,17,2,150.08,179.88,29.8,0.8343
2021,17,3,142.98,161.18,18.2,0.8871
2021,17,4,100.94,150.02,49.08,0.6728
2021,17,5,145.02,150.82,5.8,0.9615
2021,17,6,141.42,141.42,0.0,1.0
2021,17,7,111.66,135.56,23.9,0.8237
2021,17,8,111.56,111.56,0.0,1.0
2021,17,9,109.36,130.36,21.0,0.8389
2021,17,10,124.98,140.88,15.9,0.8871
2021,17,11,49.6,66.1,16.5,0.7504
2021,17,12,139.74,156.64,16.9,0.8921
2022,1,1,92.18,101.98,9.8,0.9039
2022,1,2,135.76,148.92,13.16,0.9116
2022,1,3,99.88,110.48,10.6,0.9041
2022,1,4,125.06,144.6,19.54,0.8649
2022,1,5,115.56,123.36,7.8,0.9368
2022,1,6,87.0,101.2,14.2,0.8597
2022,1,7,95.28,125.08,29.8,0.7618
2022,1,8,124.06,127.88,3.82,0.9701
2022,1,9,112.52,132.62,20.1,0.8484
2022,1,10,99.56,131.56,32.0,0.7568
2022,1,11,120.42,135.68,15.26,0.8875
2022,1,12,116.86,135.3,18.44,0.8637
2022,2,1,86.4,100.38,13.98,0.8607
2022,2,2,96.88,112.58,15.7,0.8605
2022,2,3,97.4,120.3,22.9,0.8096
2022,2,4,78.18,84.48,6.3,0.9254
2022,2,5,125.5,147.78,22.28,0.8492
2022,2,6,72.48,99.88,27.4,0.7257
2022,2,7,125.76,132.16,6.4,0.9516
2022,2,8,115.18,154.24,39.06,0.7468
2022,2,9,101.56,123.06,21.5,0.8253
2022,2,10,159.54,159.54,0.0,1.0
2022,2,11,134.98,141.08,6.1,0.9568
2022,2,12,169.86,195.26,25.4,0.8699
2022,3,1,99.1,99.1,0.0,1.0
2022,3,2,84.68,98.34,13.66,0.8611
2022,3,3,113.46,118.16,4.7,0.9602
2022,3,4,107.78,113.48,5.7,0.9498
2022,3,5,140.68,150.58,9.9,0.9343
2022,3,6,114.44,116.24,1.8,0.9845
2022,3,7,124.16,136.86,12.7,0.9072
2022,3,8,104.52,143.32,38.8,0.7293
2022,3,9,84.34,102.14,17.8,0.8257
2022,3,10,80.9,102.78,21.88,0.7871
2022,3,11,128.8,155.7,26.9,0.8272
2022,3,12,91.44,122.74,31.3,0.745
2022,4,1,114.94,125.94,11.0,0.9127
2022,4,2,109.02,116.72,7.7,0.934
2022,4,3,86.6,109.1,22.5,0.7938
2022,4,4,171.56,173.66,2.1,0.9879
2022,4,5,129.34,137.14,7.8,0.9431
2022,4,6,106.04,134.08,28.04,0.7909
2022,4,7,124.68,161.2,36.52,0.7734
2022,4,8,109.56,117.06,7.5,0.9359
2022,4,9,152.98,164.38,11.4,0.9306
2022,4,10,113.92,128.72,14.8,0.885
2022,4,11,108.8,127.1,18.3,0.856
2022,4,12,80.84,98.84,18.0,0.8179
2022,5,1,76.68,80.44,3.76,0.9533
2022,5,2,113.04,134.08,21.04,0.8431
2022,5,3,107.1,127.2,20.1,0.842
2022,5,4,117.56,141.4,23.84,0.8314
2022,5,5,119.2,124.56,5.36,0.957
2022,5,6,89.4,94.2,4.8,0.949
2022,5,7,127.88,164.26,36.38,0.7785
2022,5,8,95.28,113.3,18.02,0.841
2022,5,9,121.34,133.44,12.1,0.9093
2022,5,10,138.96,143.82,4.86,0.9662
2022,5,11,124.34,140.64,16.3,0.8841
2022,5,12,68.3,92.5,24.2,0.7384
2022,6,1,114.26,143.26,29.0,0.7976
2022,6,2,83.5,83.5,0.0,1.0
2022,6,3,128.02,149.32,21.3,0.8574
2022,6,4,112.1,116.4,4.3,0.9631
2022,6,5,100.54,100.54,0.0,1.0
2022,6,6,91.18,92.98,1.8,0.9806
2022,6,7,93.16,103.08,9.92,0.9038
2022,6,8,104.76,112.96,8.2,0.9274
2022,6,9,107.32,116.16,8.84,0.9239
2022,6,10,93.38,124.88,31.5,0.7478
2022,6,11,96.74,111.84,15.1,0.865
2022,6,12,70.14,79.24,9.1,0.8852
2022,7,1,128.32,128.52,0.2,0.9984
2022,7,2,139.04,139.04,0.0,1.0
2022,7,3,64.36,78.04,13.68,0.8247
2022,7,4,130.6,144.92,14.32,0.9012
2022,7,5,123.48,141.6,18.12,0.872
2022,7,6,147.3,150.3,3.0,0.98
2022,7,7,114.66,116.06,1.4,0.9879
2022,7,8,109.5,130.2,20.7,0.841
2022,7,9,107.24,116.44,9.2,0.921
2022,7,10,116.56,116.56,0.0,1.0
2022,7,11,94.36,115.26,20.9,0.8187
2022,7,12,78.72,104.92,26.2,0.7503
2022,8,1,72.02,72.02,0.0,1.0
2022,8,2,174.92,183.82,8.9,0.9516
2022,8,3,140.42,151.3,10.88,0.9281
2022,8,4,138.06,144.86,6.8,0.9531
2022,8,5,109.62,134.04,24.42,0.8178
2022,8,6,143.1,145.56,2.46,0.9831
2022,8,7,114.3,115.2,0.9,0.9922
2022,8,8,124.18,132.84,8.66,0.9348
2022,8,9,109.48,117.78,8.3,0.9295
2022,8,10,126.66,134.66,8.0,0.9406
2022,8,11,168.92,178.12,9.2,0.9483
2022,8,12,85.92,98.32,12.4,0.8739
2022,9,1,105.9,119.1,13.2,0.8892
2022,9,2,139.42,139.42,0.0,1.0
2022,9,3,61.58,61.58,0.0,1.0
2022,9,4,133.94,133.94,0.0,1.0
2022,9,5,124.08,124.08,0.0,1.0
2022,9,6,61.5,67.4,5.9,0.9125
2022,9,7,105.6,120.96,15.36,0.873
2022,9,8,77.44,85.58,8.14,0.9049
2022,9,9,138.94,147.34,8.4,0.943
2022,9,10,78.36,91.86,13.5,0.853
2022,9,11,119.06,140.86,21.8,0.8452
2022,9,12,98.64,110.84,12.2,0.8899
2022,10,1,95.06,95.06,0.0,1.0
2022,10,2,100.98,143.58,42.6,0.7033
2022,10,3,118.02,127.22,9.2,0.9277
2022,10,4,123.64,127.14,3.5,0.9725
2022,10,5,119.22,134.88,15.66,0.8839
2022,10,6,101.0,101.9,0.9,0.9912
2022,10,7,146.5,146.5,0.0,1.0
2022,10,8,105.92,124.32,18.4,0.852
2022,10,9,96.52,103.82,7.3,0.9297
2022,10,10,108.22,125.36,17.14,0.8633
2022,10,11,92.3,100.46,8.16,0.9188
2022,10,12,107.96,115.46,7.5,0.935
2022,11,1,94.04,107.74,13.7,0.8728
2022,11,2,121.2,121.2,0.0,1.0
2022,11,3,110.08,121.12,11.04,0.9089
2022,11,4,149.7,173.6,23.9,0.8623
2022,11,5,121.4,148.38,26.98,0.8182
2022,11,6,82.92,108.5,25.58,0.7642
2022,11,7,60.14,71.14,11.0,0.8454
2022,11,8,101.64,109.04,7.4,0.9321
2022,11,9,91.1,94.3,3.2,0.9661
2022,11,10,90.14,112.22,22.08,0.8032
2022,11,11,106.68,111.08,4.4,0.9604
2022,11,12,147.66,161.96,14.3,0.9117
2022,12,1,101.64,124.74,23.1,0.8148
2022,12,2,107.44,107.44,0.0,1.0
2022,12,3,92.54,118.64,26.1,0.78
2022,12,4,104.34,123.24,18.9,0.8466
2022,12,5,152.68,175.36,22.68,0.8707
2022,12,6,97.62,115.52,17.9,0.845
2022,12,7,128.22,131.02,2.8,0.9786
2022,12,8,133.22,136.12,2.9,0.9787
2022,12,9,137.98,153.98,16.0,0.8961
2022,12,10,117.0,146.84,29.84,0.7968
2022,12,11,98.34,100.34,2.0,0.9801
2022,12,12,103.26,108.66,5.4,0.9503
2022,13,1,63.32,81.02,17.7,0.7815
2022,13,2,88.2,92.0,3.8,0.9587
2022,13,3,94.02,101.42,7.4,0.927
2022,13,4,127.02,146.42,19.4,0.8675
2022,13,5,161.98,178.24,16.26,0.9088
2022,13,6,109.82,117.86,8.04,0.9318
2022,13,7,100.58,106.58,6.0,0.9437
2022,13,8,128.1,143.0,14.9,0.8958
2022,13,9,119.38,135.72,16.34,0.8796
2022,13,10,112.18,125.4,13.22,0.8946
2022,13,11,117.88,129.98,12.1,0.9069
2022,13,12,102.32,108.8,6.48,0.9404
2022,14,1,143.3,165.8,22.5,0.8643
2022,14,2,91.04,97.04,6.0,0.9382
2022,14,3,92.1,96.5,4.4,0.9544
2022,14,4,141.44,152.78,11.34,0.9258
2022,14,5,113.28,123.28,10.0,0.9189
2022,14,6,99.68,118.18,18.5,0.8435
2022,14,7,91.2,91.2,0.0,1.0
2022,14,8,111.66,124.26,12.6,0.8986
2022,14,9,85.68,99.98,14.3,0.857
2022,14,10,130.34,148.28,17.94,0.879
2022,14,11,82.44,84.64,2.2,0.974
2022,14,12,81.7,111.5,29.8,0.7327
2022,15,1,141.72,176.72,35.0,0.8019
2022,15,2,120.02,129.32,9.3,0.9281
2022,15,3,102.8,118.2,15.4,0.8697
2022,15,4,127.28,136.08,8.8,0.9353
2022,15,5,73.52,100.16,26.64,0.734
2022,15,6,89.76,100.46,10.7,0.8935
2022,15,7,141.74,149.94,8.2,0.9453
2022,15,8,99.98,112.84,12.86,0.886
2022,15,9,135.88,139.88,4.0,0.9714
2022,15,10,92.12,108.02,15.9,0.8528
2022,15,11,118.82,143.02,24.2,0.8308
2022,15,12,125.2,137.6,12.4,0.9099
2022,16,1,110.26,129.06,18.8,0.8543
2022,16,2,79.32,104.58,25.26,0.7585
2022,16,3,125.86,133.56,7.7,0.9423
2022,16,4,150.44,159.04,8.6,0.9459
2022,16,5,72.34,88.24,15.9,0.8198
2022,16,6,52.32,82.0,29.68,0.638
2022,16,7,105.66,124.78,19.12,0.8468
2022,16,8,88.16,136.86,48.7,0.6442
2022,16,9,148.04,150.96,2.92,0.9807
2022,16,10,109.46,119.46,10.0,0.9163
2022,16,11,99.52,107.82,8.3,0.923
2022,16,12,106.0,122.0,16.0,0.8689
2022,17,1,130.04,150.4,20.36,0.8646
2022,17,2,95.58,112.78,17.2,0.8475
2022,17,3,158.14,166.5,8.36,0.9498
2022,17,4,125.3,131.9,6.6,0.95
2022,17,5,118.76,139.1,20.34,0.8538
2022,17,6,108.02,113.88,5.86,0.9485
2022,17,7,75.62,84.92,9.3,0.8905
2022,17,8,115.98,131.58,15.6,0.8814
2022,17,9,114.26,136.26,22.0,0.8385
2022,17,10,56.96,60.86,3.9,0.9359
2022,17,11,88.32,126.28,37.96,0.6994
2022,17,12,76.34,85.04,8.7,0.8977
2023,1,1,74.56,90.42,15.86,0.8246
2023,1,2,79.82,93.32,13.5,0.8553
2023,1,3,111.02,137.36,26.34,0.8082
2023,1,4,112.16,126.96,14.8,0.8834
2023,1,5,114.4,114.9,0.5,0.9956
2023,1,6,86.46,104.46,18.0,0.8277
2023,1,7,102.12,104.48,2.36,0.9774
2023,1,8,103.06,115.06,12.0,0.8957
2023,1,9,87.8,104.4,16.6,0.841
2023,1,10,149.14,171.44,22.3,0.8699
2023,1,11,79.2,101.86,22.66,0.7775
2023,1,12,94.62,141.26,46.64,0.6698
2023,2,1,106.0,116.02,10.02,0.9136
2023,2,2,137.54,146.34,8.8,0.9399
2023,2,3,141.82,155.76,13.94,0.9105
2023,2,4,136.04,139.24,3.2,0.977
2023,2,5,96.74,102.94,6.2,0.9398
2023,2,6,110.86,132.9,22.04,0.8342
2023,2,7,128.24,157.24,29.0,0.8156
2023,2,8,122.92,123.7,0.78,0.9937
2023,2,9,108.06,126.46,18.4,0.8545
2023,2,10,102.8,119.4,16.6,0.861
2023,2,11,173.78,173.78,0.0,1.0
2023,2,12,87.94,146.34,58.4,0.6009
2023,3,1,97.1,126.5,29.4,0.7676
2023,3,2,141.34,148.84,7.5,0.9496
2023,3,3,107.08,125.66,18.58,0.8521
2023,3,4,144.18,147.88,3.7,0.975
2023,3,5,124.84,130.74,5.9,0.9549
2023,3,6,110.28,132.18,21.9,0.8343
2023,3,7,132.78,153.2,20.42,0.8667
2023,3,8,135.28,137.48,2.2,0.984
2023,3,9,117.28,126.78,9.5,0.9251
2023,3,10,105.4,130.8,25.4,0.8058
2023,3,11,113.28,127.48,14.2,0.8886
2023,3,12,105.24,118.06,12.82,0.8914
2023,4,1,96.6,126.84,30.24,0.7616
2023,4,2,100.64,117.34,16.7,0.8577
2023,4,3,136.08,158.32,22.24,0.8595
2023,4,4,100.22,120.72,20.5,0.8302
2023,4,5,139.6,143.7,4.1,0.9715
2023,4,6,91.8,104.2,12.4,0.881
2023,4,7,104.16,142.9,38.74,0.7289
2023,4,8,115.14,136.54,21.4,0.8433
2023,4,9,148.58,151.48,2.9,0.9809
2023,4,10,103.58,108.08,4.5,0.9584
2023,4,11,149.44,155.74,6.3,0.9595
2023,4,12,134.16,149.02,14.86,0.9003
2023,5,1,98.18,104.88,6.7,0.9361
2023,5,2,119.58,124.66,5.08,0.9592
2023,5,3,157.58,157.58,0.0,1.0
2023,5,4,88.06,117.64,29.58,0.7486
2023,5,5,110.86,131.56,20.7,0.8427
2023,5,6,193.82,206.22,12.4,0.9399
2023,5,7,94.12,115.42,21.3,0.8155
2023,5,8,98.08,116.38,18.3,0.8428
2023,5,9,150.4,151.7,1.3,0.9914
2023,5,10,126.62,135.42,8.8,0.935
2023,5,11,84.84,107.88,23.04,0.7864
2023,5,12,84.14,95.44,11.3,0.8816
2023,6,1,126.9,126.9,0.0,1.0
2023,6,2,130.58,130.58,0.0,1.0
2023,6,3,121.74,134.14,12.4,0.9076
2023,6,4,70.74,83.32,12.58,0.849
2023,6,5,95.4,111.8,16.4,0.8533
2023,6,6,99.9,133.8,33.9,0.7466
2023,6,7,74.74,82.52,7.78,0.9057
2023,6,8,102.22,103.96,1.74,0.9833
2023,6,9,83.7,96.5,12.8,0.8674
2023,6,10,101.74,126.64,24.9,0.8034
2023,6,11,117.38,130.78,13.4,0.8975
2023,6,12,104.96,112.16,7.2,0.9358
2023,7,1,117.36,117.36,0.0,1.0
2023,7,2,94.74,94.74,0.0,1.0
2023,7,3,106.96,123.26,16.3,0.8678
2023,7,4,101.64,111.44,9.8,0.9121
2023,7,5,140.42,141.82,1.4,0.9901
2023,7,6,147.76,147.76,0.0,1.0
2023,7,7,86.5,93.76,7.26,0.9226
2023,7,8,82.74,98.54,15.8,0.8397
2023,7,9,146.26,156.66,10.4,0.9336
2023,7,10,99.9,116.6,16.7,0.8568
2023,7,11,118.6,123.44,4.84,0.9608
2023,7,12,107.2,137.7,30.5,0.7785
2023,8,1,109.18,128.48,19.3,0.8498
2023,8,2,117.4,122.6,5.2,0.9576
2023,8,3,130.5,177.6,47.1,0.7348
2023,8,4,101.98,111.88,9.9,0.9115
2023,8,5,115.44,134.54,19.1,0.858
2023,8,6,103.02,128.78,25.76,0.8
2023,8,7,114.46,123.18,8.72,0.9292
2023,8,8,104.12,104.12,0.0,1.0
2023,8,9,132.08,179.78,47.7,0.7347
2023,8,10,95.58,132.04,36.46,0.7239
2023,8,11,150.02,165.06,15.04,0.9089
2023,8,12,113.62,117.62,4.0,0.966
2023,9,1,114.3,153.4,39.1,0.7451
2023,9,2,101.86,112.26,10.4,0.9074
2023,9,3,109.72,130.42,20.7,0.8413
2023,9,4,96.22,123.22,27.0,0.7809
2023,9,5,122.6,131.6,9.0,0.9316
2023,9,6,91.96,91.96,0.0,1.0
2023,9,7,65.8,93.34,27.54,0.7049
2023,9,8,70.16,76.94,6.78,0.9119
2023,9,9,116.46,119.88,3.42,0.9715
2023,9,10,55.52,56.52,1.0,0.9823
2023,9,11,139.36,155.96,16.6,0.8936
2023,9,12,85.88,119.24,33.36,0.7202
2023,10,1,122.32,143.52,21.2,0.8523
2023,10,2,145.16,148.06,2.9,0.9804
2023,10,3,144.7,160.8,16.1,0.8999
2023,10,4,82.8,84.7,1.9,0.9776
2023,10,5,88.7,103.8,15.1,0.8545
2023,10,6,106.56,111.66,5.1,0.9543
2023,10,7,141.58,142.98,1.4,0.9902
2023,10,8,128.86,136.46,7.6,0.9443
2023,10,9,95.0,113.04,18.04,0.8404
2023,10,10,131.52,131.52,0.0,1.0
2023,10,11,120.88,147.94,27.06,0.8171
2023,10,12,87.58,103.58,16.0,0.8455
2023,11,1,98.28,115.18,16.9,0.8533
2023,11,2,96.8,104.5,7.7,0.9263
2023,11,3,135.42,153.42,18.0,0.8827
2023,11,4,87.32,91.12,3.8,0.9583
2023,11,5,106.66,119.76,13.1,0.8906
2023,11,6,88.7,101.8,13.1,0.8713
2023,11,7,105.96,126.56,20.6,0.8372
2023,11,8,132.02,148.72,16.7,0.8877
2023,11,9,108.02,109.42,1.4,0.9872
2023,11,10,125.26,153.66,28.4,0.8152
2023,11,11,112.28,113.48,1.2,0.9894
2023,11,12,126.06,128.56,2.5,0.9806
2023,12,1,130.46,147.86,17.4,0.8823
2023,12,2,133.64,150.24,16.6,0.8895
2023,12,3,127.92,156.42,28.5,0.8178
2023,12,4,71.64,82.46,10.82,0.8688
2023,12,5,124.5,146.7,22.2,0.8487
2023,12,6,89.56,103.3,13.74,0.867
2023,12,7,78.4,87.32,8.92,0.8978
2023,12,8,105.64,121.74,16.1,0.8678
2023,12,9,140.9,144.16,3.26,0.9774
2023,12,10,131.02,140.62,9.6,0.9317
2023,12,11,189.38,204.88,15.5,0.9243
2023,12,12,136.68,140.98,4.3,0.9695
2023,13,1,96.44,116.24,19.8,0.8297
2023,13,2,149.58,158.08,8.5,0.9462
2023,13,3,104.0,121.28,17.28,0.8575
2023,13,4,109.6,123.24,13.64,0.8893
2023,13,5,143.64,160.16,16.52,0.8969
2023,13,6,94.22,94.22,0.0,1.0
2023,13,7,149.96,160.62,10.66,0.9336
2023,13,8,123.94,123.94,0.0,1.0
2023,13,9,93.14,93.14,0.0,1.0
2023,13,10,148.9,149.0,0.1,0.9993
2023,13,11,139.92,165.68,25.76,0.8445
2023,13,12,88.08,97.18,9.1,0.9064
2023,14,1,144.74,145.34,0.6,0.9959
2023,14,2,122.04,126.64,4.6,0.9637
2023,14,3,132.96,143.96,11.0,0.9236
2023,14,4,91.28,117.4,26.12,0.7775
2023,14,5,153.38,163.04,9.66,0.9408
2023,14,6,125.96,143.32,17.36,0.8789
2023,14,7,111.08,124.58,13.5,0.8916
2023,14,8,96.16,119.56,23.4,0.8043
2023,14,9,58.5,93.86,35.36,0.6233
2023,14,10,97.72,103.42,5.7,0.9449
2023,14,11,124.24,132.98,8.74,0.9343
2023,14,12,117.8,145.7,27.9,0.8085
2023,15,1,104.38,128.14,23.76,0.8146
2023,15,2,85.96,113.48,27.52,0.7575
2023,15,3,71.92,100.68,28.76,0.7143
2023,15,4,96.64,130.74,34.1,0.7392
2023,15,5,113.64,114.8,1.16,0.9899
2023,15,6,114.56,159.24,44.68,0.7194
2023,15,7,97.76,129.16,31.4,0.7569
2023,15,8,131.76,134.86,3.1,0.977
2023,15,9,129.0,129.0,0.0,1.0
2023,15,10,131.94,131.94,0.0,1.0
2023,15,11,168.92,183.78,14.86,0.9191
2023,15,12,130.64,134.64,4.0,0.9703
2023,16,1,97.54,116.08,18.54,0.8403
2023,16,2,100.86,109.46,8.6,0.9214
2023,16,3,90.62,135.72,45.1,0.6677
2023,16,4,112.72,155.42,42.7,0.7253
2023,16,5,161.26,169.36,8.1,0.9522
2023,16,6,73.88,91.98,18.1,0.8032
2023,16,7,126.5,130.7,4.2,0.9679
2023,16,8,79.2,110.66,31.46,0.7157
2023,16,9,128.9,174.54,45.64,0.7385
2023,16,10,113.54,140.54,27.0,0.8079
2023,16,11,140.54,148.44,7.9,0.9468
2023,16,12,113.94,129.54,15.6,0.8796
2023,17,1,101.52,115.46,13.94,0.8793
2023,17,2,115.76,132.16,16.4,0.8759
2023,17,3,133.34,155.18,21.84,0.8593
2023,17,4,97.08,117.88,20.8,0.8235
2023,17,5,113.44,121.6,8.16,0.9329
2023,17,6,128.86,143.08,14.22,0.9006
2023,17,7,110.16,118.46,8.3,0.9299
2023,17,8,87.38,115.82,28.44,0.7544
2023,17,9,146.2,155.5,9.3,0.9402
2023,17,10,97.48,110.88,13.4,0.8791
2023,17,11,148.8,176.3,27.5,0.844
2023,17,12,94.54,126.94,32.4,0.7448
2024,1,1,131.7,137.9,6.2,0.955
2024,1,2,108.22,140.12,31.9,0.7723
2024,1,3,108.66,121.46,12.8,0.8946
2024,1,4,115.94,139.66,23.72,0.8302
2024,1,5,100.02,128.32,28.3,0.7795
2024,1,6,76.8,86.7,9.9,0.8858
2024,1,7,103.58,126.9,23.32,0.8162
2024,1,8,79.22,87.9,8.68,0.9013
2024,1,9,108.6,125.1,16.5,0.8681
2024,1,10,134.54,142.94,8.4,0.9412
2024,1,11,96.72,132.5,35.78,0.73
2024,1,12,109.62,135.62,26.0,0.8083
2024,2,1,81.64,105.54,23.9,0.7735
2024,2,2,139.56,154.96,15.4,0.9006
2024,2,3,119.18,127.68,8.5,0.9334
2024,2,4,111.26,126.76,15.5,0.8777
2024,2,5,101.4,105.3,3.9,0.963
2024,2,6,116.22,128.92,12.7,0.9015
2024,2,7,85.6,106.46,20.86,0.8041
2024,2,8,143.8,164.34,20.54,0.875
2024,2,9,103.68,114.38,10.7,0.9065
2024,2,10,133.3,136.22,2.92,0.9786
2024,2,11,93.8,95.98,2.18,0.9773
2024,2,12,90.5,113.82,23.32,0.7951
2024,3,1,67.82,73.32,5.5,0.925
2024,3,2,145.22,151.02,5.8,0.9616
2024,3,3,114.72,127.62,12.9,0.8989
2024,3,4,125.34,130.04,4.7,0.9639
2024,3,5,105.46,177.76,72.3,0.5933
2024,3,6,95.62,117.34,21.72,0.8149
2024,3,7,115.42,153.64,38.22,0.7512
2024,3,8,122.44,133.0,10.56,0.9206
2024,3,9,150.12,153.12,3.0,0.9804
2024,3,10,126.02,144.82,18.8,0.8702
2024,3,11,90.02,113.42,23.4,0.7937
2024,3,12,80.08,136.26,56.18,0.5877
2024,4,1,62.96,65.66,2.7,0.9589
2024,4,2,113.0,135.2,22.2,0.8358
2024,4,3,123.04,138.44,15.4,0.8888
2024,4,4,124.46,135.72,11.26,0.917
2024,4,5,136.0,141.8,5.8,0.9591
2024,4,6,122.6,140.16,17.56,0.8747
2024,4,7,112.64,125.9,13.26,0.8947
2024,4,8,105.98,117.18,11.2,0.9044
2024,4,9,107.74,115.44,7.7,0.9333
2024,4,10,112.02,133.42,21.4,0.8396
2024,4,11,153.26,159.96,6.7,0.9581
2024,4,12,109.7,139.5,29.8,0.7864
2024,5,1,93.06,104.06,11.0,0.8943
2024,5,2,153.8,166.5,12.7,0.9237
2024,5,3,119.76,133.46,13.7,0.8973
2024,5,4,117.06,120.22,3.16,0.9737
2024,5,5,128.08,133.48,5.4,0.9595
2024,5,6,111.62,147.62,36.0,0.7561
2024,5,7,126.42,138.06,11.64,0.9157
2024,5,8,130.54,170.14,39.6,0.7673
2024,5,9,126.44,136.24,9.8,0.9281
2024,5,10,92.78,100.98,8.2,0.9188
2024,5,11,102.18,108.48,6.3,0.9419
2024,5,12,123.6,143.3,19.7,0.8625
2024,6,1,115.6,143.7,28.1,0.8045
2024,6,2,102.18,112.38,10.2,0.9092
2024,6,3,132.76,148.26,15.5,0.8955
2024,6,4,143.54,154.74,11.2,0.9276
2024,6,5,105.64,118.04,12.4,0.895
2024,6,6,78.26,99.06,20.8,0.79
2024,6,7,104.6,104.6,0.0,1.0
2024,6,8,122.9,131.68,8.78,0.9333
2024,6,9,85.84,102.84,17.0,0.8347
2024,6,10,110.92,127.22,16.3,0.8719
2024,6,11,154.28,171.78,17.5,0.8981
2024,6,12,131.58,145.76,14.18,0.9027
2024,7,1,126.88,138.08,11.2,0.9189
2024,7,2,100.48,120.7,20.22,0.8325
2024,7,3,125.04,154.04,29.0,0.8117
2024,7,4,99.0,109.0,10.0,0.9083
2024,7,5,134.44,154.24,19.8,0.8716
2024,7,6,91.18,104.12,12.94,0.8757
2024,7,7,92.84,112.72,19.88,0.8236
2024,7,8,112.46,128.76,16.3,0.8734
2024,7,9,111.14,111.14,0.0,1.0
2024,7,10,63.44,69.04,5.6,0.9189
2024,7,11,113.0,122.1,9.1,0.9255
2024,7,12,128.1,142.6,14.5,0.8983
2024,8,1,132.06,162.3,30.24,0.8137
2024,8,2,120.2,140.5,20.3,0.8555
2024,8,3,157.24,185.54,28.3,0.8475
2024,8,4,158.64,163.12,4.48,0.9725
2024,8,5,104.3,121.66,17.36,0.8573
2024,8,6,129.08,169.88,40.8,0.7598
2024,8,7,137.24,137.24,0.0,1.0
2024,8,8,129.04,130.64,1.6,0.9878
2024,8,9,106.18,113.28,7.1,0.9373
2024,8,10,130.82,130.82,0.0,1.0
2024,8,11,141.26,141.66,0.4,0.9972
2024,8,12,107.7,127.12,19.42,0.8472
2024,9,1,86.34,109.42,23.08,0.7891
2024,9,2,126.2,131.8,5.6,0.9575
2024,9,3,131.06,137.5,6.44,0.9532
2024,9,4,120.78,142.74,21.96,0.8462
2024,9,5,120.92,130.02,9.1,0.93
2024,9,6,96.66,124.88,28.22,0.774
2024,9,7,146.16,149.96,3.8,0.9747
2024,9,8,107.68,115.92,8.24,0.9289
2024,9,9,144.6,147.3,2.7,0.9817
2024,9,10,110.72,126.96,16.24,0.8721
2024,9,11,118.44,121.94,3.5,0.9713
2024,9,12,141.22,141.24,0.02,0.9999
2024,10,1,94.84,106.86,12.02,0.8875
2024,10,2,175.0,185.32,10.32,0.9443
2024,10,3,127.7,142.7,15.0,0.8949
2024,10,4,83.44,100.34,16.9,0.8316
2024,10,5,77.1,100.3,23.2,0.7687
2024,10,6,97.08,102.18,5.1,0.9501
2024,10,7,111.28,111.88,0.6,0.9946
2024,10,8,124.64,125.24,0.6,0.9952
2024,10,9,107.64,119.2,11.56,0.903
2024,10,10,89.06,109.46,20.4,0.8136
2024,10,11,83.42,86.12,2.7,0.9686
2024,10,12,81.74,81.74,0.0,1.0
2024,11,1,140.3,152.5,12.2,0.92
2024,11,2,143.88,143.88,0.0,1.0
2024,11,3,104.1,116.2,12.1,0.8959
2024,11,4,100.98,104.08,3.1,0.9702
2024,11,5,110.12,132.7,22.58,0.8298
2024,11,6,132.52,140.82,8.3,0.9411
2024,11,7,100.66,106.86,6.2,0.942
2024,11,8,112.16,159.18,47.02,0.7046
2024,11,9,136.54,136.54,0.0,1.0
2024,11,10,107.56,135.56,28.0,0.7934
2024,11,11,154.48,168.28,13.8,0.918
2024,11,12,120.98,137.28,16.3,0.8813
2024,12,1,129.9,129.9,0.0,1.0
2024,12,2,119.6,134.8,15.2,0.8872
2024,12,3,133.26,142.16,8.9,0.9374
2024,12,4,79.58,79.98,0.4,0.995
2024,12,5,112.1,115.36,3.26,0.9717
2024,12,6,122.64,122.84,0.2,0.9984
2024,12,7,126.8,126.8,0.0,1.0
2024,12,8,110.22,111.62,1.4,0.9875
2024,12,9,120.24,129.84,9.6,0.9261
2024,12,10,48.94,66.44,17.5,0.7366
2024,12,11,113.44,135.54,22.1,0.8369
2024,12,12,115.12,159.16,44.04,0.7233
2024,13,1,120.78,141.7,20.92,0.8524
2024,13,2,134.7,147.9,13.2,0.9108
2024,13,3,112.48,140.62,28.14,0.7999
2024,13,4,97.12,128.04,30.92,0.7585
2024,13,5,161.54,172.44,10.9,0.9368
2024,13,6,114.2,114.2,0.0,1.0
2024,13,7,94.2,132.82,38.62,0.7092
2024,13,8,127.76,143.1,15.34,0.8928
2024,13,9,125.16,130.96,5.8,0.9557
2024,13,10,94.76,101.36,6.6,0.9349
2024,13,11,136.26,154.86,18.6,0.8799
2024,13,12,131.38,175.88,44.5,0.747
2024,14,1,118.96,119.76,0.8,0.9933
2024,14,2,195.28,195.28,0.0,1.0
2024,14,3,117.92,140.42,22.5,0.8398
2024,14,4,136.38,158.38,22.0,0.8611
2024,14,5,113.96,119.66,5.7,0.9524
2024,14,6,112.28,126.06,13.78,0.8907
2024,14,7,137.74,155.34,17.6,0.8867
2024,14,8,102.22,120.96,18.74,0.8451
2024,14,9,85.96,88.56,2.6,0.9706
2024,14,10,143.0,143.0,0.0,1.0
2024,14,11,105.98,124.18,18.2,0.8534
2024,14,12,106.72,112.06,5.34,0.9523
2024,15,1,122.74,166.7,43.96,0.7363
2024,15,2,117.08,125.68,8.6,0.9316
2024,15,3,130.58,151.7,21.12,0.8608
2024,15,4,125.6,126.9,1.3,0.9898
2024,15,5,171.66,175.36,3.7,0.9789
2024,15,6,98.66,112.6,13.94,0.8762
2024,15,7,103.92,127.74,23.82,0.8135
2024,15,8,122.96,128.52,5.56,0.9567
2024,15,9,117.24,117.54,0.3,0.9974
2024,15,10,109.44,137.04,27.6,0.7986
2024,15,11,112.98,148.24,35.26,0.7621
2024,15,12,90.52,101.4,10.88,0.8927
2024,16,1,152.66,168.76,16.1,0.9046
2024,16,2,181.0,183.1,2.1,0.9885
2024,16,3,132.06,160.72,28.66,0.8217
2024,16,4,113.48,131.04,17.56,0.866
2024,16,5,116.06,131.76,15.7,0.8808
2024,16,6,86.2,88.1,1.9,0.9784
2024,16,7,126.52,149.04,22.52,0.8489
2024,16,8,112.5,127.6,15.1,0.8817
2024,16,9,114.88,118.88,4.0,0.9664
2024,16,10,81.74,111.88,30.14,0.7306
2024,16,11,112.26,128.76,16.5,0.8719
2024,16,12,153.16,169.16,16.0,0.9054
2024,17,1,127.64,140.74,13.1,0.9069
2024,17,2,155.26,164.16,8.9,0.9458
2024,17,3,147.28,150.58,3.3,0.9781
2024,17,4,126.94,128.44,1.5,0.9883
2024,17,5,142.12,154.22,12.1,0.9215
2024,17,6,68.56,80.46,11.9,0.8521
2024,17,7,137.2,145.1,7.9,0.9456
2024,17,8,167.4,168.94,1.54,0.9909
2024,17,9,128.98,141.92,12.94,0.9088
2024,17,10,126.88,137.98,11.1,0.9196
2024,17,11,59.9,75.9,16.0,0.7892
2024,17,12,120.48,148.0,27.52,0.8141
2025,1,1,113.84,139.14,25.3,0.8182
2025,1,2,98.4,107.94,9.54,0.9116
2025,1,3,108.94,112.14,3.2,0.9715
2025,1,4,129.64,148.82,19.18,0.8711
2025,1,5,100.0,119.2,19.2,0.8389
2025,1,6,127.84,138.14,10.3,0.9254
2025,1,7,106.46,128.12,21.66,0.8309
2025,1,8,86.38,113.4,27.02,0.7617
2025,1,9,119.76,143.46,23.7,0.8348
2025,1,10,111.34,119.82,8.48,0.9292
2025,1,11,126.34,157.48,31.14,0.8023
2025,1,12,63.14,80.74,17.6,0.782
2025,2,1,105.42,112.88,7.46,0.9339
2025,2,2,116.34,133.84,17.5,0.8692
2025,2,3,105.9,127.9,22.0,0.828
2025,2,4,104.04,128.64,24.6,0.8088
2025,2,5,131.04,150.54,19.5,0.8705
2025,2,6,111.26,125.46,14.2,0.8868
2025,2,7,124.02,144.94,20.92,0.8557
2025,2,8,123.74,147.06,23.32,0.8414
2025,2,9,130.7,142.8,12.1,0.9153
2025,2,10,107.72,140.72,33.0,0.7655
2025,2,11,121.92,128.58,6.66,0.9482
2025,2,12,112.28,135.28,23.0,0.83
2025,3,1,163.18,163.18,0.0,1.0
2025,3,2,100.16,110.86,10.7,0.9035
2025,3,3,126.32,130.82,4.5,0.9656
2025,3,4,122.8,122.9,0.1,0.9992
2025,3,5,141.7,162.9,21.2,0.8699
2025,3,6,100.5,104.9,4.4,0.9581
2025,3,7,92.06,102.9,10.84,0.8947
2025,3,8,111.16,115.36,4.2,0.9636
2025,3,9,139.54,149.84,10.3,0.9313
2025,3,10,97.74,111.34,13.6,0.8779
2025,3,11,108.82,122.68,13.86,0.887
2025,3,12,107.42,117.08,9.66,0.9175
2025,4,1,130.44,140.94,10.5,0.9255
2025,4,2,116.18,121.78,5.6,0.954
2025,4,3,112.2,140.2,28.0,0.8003
2025,4,4,118.28,137.38,19.1,0.861
2025,4,5,96.5,115.86,19.36,0.8329
2025,4,6,140.64,150.74,10.1,0.933
2025,4,7,167.38,189.38,22.0,0.8838
2025,4,8,106.38,117.98,11.6,0.9017
2025,4,9,140.06,151.86,11.8,0.9223
2025,4,10,129.9,136.3,6.4,0.953
2025,4,11,125.3,136.8,11.5,0.9159
2025,4,12,92.28,126.22,33.94,0.7311
2025,5,1,77.64,86.54,8.9,0.8972
2025,5,2,132.36,139.38,7.02,0.9496
2025,5,3,81.8,89.74,7.94,0.9115
2025,5,4,141.36,141.36,0.0,1.0
2025,5,5,102.6,119.2,16.6,0.8607
2025,5,6,142.78,165.08,22.3,0.8649
2025,5,7,144.8,158.26,13.46,0.915
2025,5,8,98.32,108.82,10.5,0.9035
2025,5,9,180.08,180.08,0.0,1.0
2025,5,10,96.26,96.26,0.0,1.0
2025,5,11,132.66,134.72,2.06,0.9847
2025,5,12,118.96,142.52,23.56,0.8347
2025,6,1,123.76,128.46,4.7,0.9634
2025,6,2,114.78,120.38,5.6,0.9535
2025,6,3,97.84,128.16,30.32,0.7634
2025,6,4,121.04,127.74,6.7,0.9475
2025,6,5,96.0,119.38,23.38,0.8042
2025,6,6,133.4,137.2,3.8,0.9723
2025,6,7,83.16,126.26,43.1,0.6586
2025,6,8,96.02,106.32,10.3,0.9031
2025,6,9,106.6,121.0,14.4,0.881
2025,6,10,123.84,129.94,6.1,0.9531
2025,6,11,129.22,144.48,15.26,0.8944
2025,6,12,98.7,110.3,11.6,0.8948
2025,7,1,119.38,139.38,20.0,0.8565
2025,7,2,137.84,138.04,0.2,0.9986
2025,7,3,118.2,127.1,8.9,0.93
2025,7,4,106.06,106.06,0.0,1.0
2025,7,5,74.12,128.56,54.44,0.5765
2025,7,6,120.1,161.92,41.82,0.7417
2025,7,7,136.1,147.86,11.76,0.9205
2025,7,8,134.36,165.46,31.1,0.812
2025,7,9,133.22,140.34,7.12,0.9493
2025,7,10,96.28,108.38,12.1,0.8884
2025,7,11,122.0,122.0,0.0,1.0
2025,7,12,88.98,112.08,23.1,0.7939
2025,8,1,97.92,97.92,0.0,1.0
2025,8,2,109.9,125.58,15.68,0.8751
2025,8,3,101.32,102.82,1.5,0.9854
2025,8,4,56.68,111.86,55.18,0.5067
2025,8,5,104.22,104.22,0.0,1.0
2025,8,6,125.92,125.92,0.0,1.0
2025,8,7,160.94,185.48,24.54,0.8677
2025,8,8,128.58,141.28,12.7,0.9101
2025,8,9,128.48,156.26,27.78,0.8222
2025,8,10,62.8,64.7,1.9,0.9706
2025,8,11,126.72,126.72,0.0,1.0
2025,8,12,104.88,104.88,0.0,1.0
2025,9,1,151.48,152.28,0.8,0.9947
2025,9,2,132.76,157.16,24.4,0.8447
2025,9,3,128.06,140.66,12.6,0.9104
2025,9,4,88.64,119.12,30.48,0.7441
2025,9,5,116.6,134.94,18.34,0.8641
2025,9,6,111.02,131.1,20.08,0.8468
2025,9,7,97.56,99.56,2.0,0.9799
2025,9,8,89.3,115.7,26.4,0.7718
2025,9,9,130.84,170.74,39.9,0.7663
2025,9,10,120.26,120.26,0.0,1.0
2025,9,11,74.12,86.82,12.7,0.8537
2025,9,12,92.56,100.6,8.04,0.9201
2025,10,1,118.56,131.74,13.18,0.9
2025,10,2,128.16,134.86,6.7,0.9503
2025,10,3,131.34,142.64,11.3,0.9208
2025,10,4,123.4,133.0,9.6,0.9278
2025,10,5,107.48,109.08,1.6,0.9853
2025,10,6,141.56,149.86,8.3,0.9446
2025,10,7,77.46,92.52,15.06,0.8372
2025,10,8,104.36,124.52,20.16,0.8381
2025,10,9,141.62,155.02,13.4,0.9136
2025,10,10,134.72,145.72,11.0,0.9245
2025,10,11,113.62,130.38,16.76,0.8715
2025,10,12,126.0,132.08,6.08,0.954
2025,11,1,162.56,180.36,17.8,0.9013
2025,11,2,122.16,141.36,19.2,0.8642
2025,11,3,50.56,100.32,49.76,0.504
2025,11,4,83.02,108.12,25.1,0.7679
2025,11,5,89.4,96.2,6.8,0.9293
2025,11,6,90.02,101.28,11.26,0.8888
2025,11,7,101.54,120.04,18.5,0.8459
2025,11,8,166.24,173.04,6.8,0.9607
2025,11,9,89.62,92.36,2.74,0.9703
2025,11,10,111.9,117.4,5.5,0.9532
2025,11,11,87.58,115.98,28.4,0.7551
2025,11,12,61.06,83.52,22.46,0.7311
2025,12,1,146.3,158.38,12.08,0.9237
2025,12,2,118.12,145.62,27.5,0.8112
2025,12,3,94.82,109.32,14.5,0.8674
2025,12,4,80.4,98.76,18.36,0.8141
2025,12,5,84.64,96.98,12.34,0.8728
2025,12,6,157.08,176.96,19.88,0.8877
2025,12,7,102.72,116.22,13.5,0.8838
2025,12,8,123.4,126.2,2.8,0.9778
2025,12,9,121.32,123.6,2.28,0.9816
2025,12,10,80.2,88.32,8.12,0.9081
2025,12,11,104.54,115.04,10.5,0.9087
2025,12,12,133.68,139.68,6.0,0.957
2025,13,1,133.76,151.76,18.0,0.8814
2025,13,2,133.18,158.38,25.2,0.8409
2025,13,3,99.48,123.04,23.56,0.8085
2025,13,4,113.06,124.22,11.16,0.9102
2025,13,5,89.38,105.36,15.98,0.8483
2025,13,6,117.12,129.72,12.6,0.9029
2025,13,7,89.92,113.12,23.2,0.7949
2025,13,8,127.9,140.5,12.6,0.9103
2025,13,9,81.16,93.3,12.14,0.8699
2025,13,10,104.12,139.72,35.6,0.7452
2025,13,11,101.88,134.28,32.4,0.7587
2025,13,12,68.36,94.34,25.98,0.7246
2025,14,1,140.48,148.18,7.7,0.948
2025,14,2,105.64,128.64,23.0,0.8212
2025,14,3,114.32,117.42,3.1,0.9736
2025,14,4,115.34,147.24,31.9,0.7833
2025,14,5,94.12,97.82,3.7,0.9622
2025,14,6,148.82,151.72,2.9,0.9809
2025,14,7,70.62,104.66,34.04,0.6748
2025,14,8,89.52,95.02,5.5,0.9421
2025,14,9,96.84,117.02,20.18,0.8276
2025,14,10,106.36,112.26,5.9,0.9474
2025,14,11,129.96,148.02,18.06,0.878
2025,14,12,93.78,108.78,15.0,0.8621
2025,15,1,143.98,144.88,0.9,0.9938
2025,15,2,112.56,119.36,6.8,0.943
2025,15,3,112.8,155.2,42.4,0.7268
2025,15,4,115.18,144.48,29.3,0.7972
2025,15,5,114.64,129.42,14.78,0.8858
2025,15,6,117.74,174.44,56.7,0.675
2025,15,7,118.38,181.0,62.62,0.654
2025,15,8,116.96,125.76,8.8,0.93
2025,15,9,107.68,124.82,17.14,0.8627
2025,15,10,139.42,160.52,21.1,0.8686
2025,15,11,97.86,136.62,38.76,0.7163
2025,15,12,132.04,140.34,8.3,0.9409
2025,16,1,84.82,127.56,42.74,0.6649
2025,16,2,165.76,181.76,16.0,0.912
2025,16,3,100.84,127.2,26.36,0.7928
2025,16,4,100.78,120.18,19.4,0.8386
2025,16,5,100.22,131.66,31.44,0.7612
2025,16,6,168.64,189.06,20.42,0.892
2025,16,7,117.28,120.88,3.6,0.9702
2025,16,8,104.34,129.94,25.6,0.803
2025,16,9,149.0,152.4,3.4,0.9777
2025,16,10,104.3,156.6,52.3,0.666
2025,16,11,133.6,136.3,2.7,0.9802
2025,16,12,69.28,85.18,15.9,0.8133
2025,17,1,93.16,122.06,28.9,0.7632
2025,17,2,172.02,176.22,4.2,0.9762
2025,17,3,49.04,84.04,35.0,0.5835
2025,17,4,106.82,117.48,10.66,0.9093
2025,17,5,120.0,137.9,17.9,0.8702
2025,17,6,120.44,151.24,30.8,0.7964
2025,17,7,130.96,133.96,3.0,0.9776
2025,17,8,67.06,92.0,24.94,0.7289
2025,17,9,105.3,147.44,42.14,0.7142
2025,17,10,116.06,131.06,15.0,0.8855
2025,17,11,104.12,120.92,16.8,0.8611
2025,17,12,96.44,98.84,2.4,0.9757
2026,1,1,195.12,197.42,2.3,0.9883
2026,1,2,162.52,167.92,5.4,0.9678
2026,1,3,97.58,102.18,4.6,0.955
2026,1,4,136.88,152.44,15.56,0.8979
2026,1,5,107.36,121.26,13.9,0.8854
2026,1,6,157.44,167.14,9.7,0.942
2026,1,7,89.02,132.7,43.68,0.6708
2026,1,8,116.1,142.7,26.6,0.8136
2026,1,9,146.32,160.52,14.2,0.9115
2026,1,10,109.54,121.74,12.2,0.8998
2026,1,11,108.82,115.14,6.32,0.9451
2026,1,12,173.52,181.12,7.6,0.958
2026,2,1,126.5,134.78,8.28,0.9386
2026,2,2,119.34,130.54,11.2,0.9142
2026,2,3,129.8,134.2,4.4,0.9672
2026,2,4,108.3,119.0,10.7,0.9101
2026,2,5,84.08,109.3,25.22,0.7693
2026,2,6,131.64,142.14,10.5,0.9261
2026,2,7,130.24,131.84,1.6,0.9879
2026,2,8,127.26,145.98,18.72,0.8718
2026,2,9,141.7,161.8,20.1,0.8758
2026,2,10,154.18,154.18,0.0,1.0
2026,2,11,125.88,143.58,17.7,0.8767
2026,2,12,110.18,114.78,4.6,0.9599
2026,3,1,117.16,130.7,13.54,0.8964
2026,3,2,118.34,142.54,24.2,0.8302
2026,3,3,116.14,135.54,19.4,0.8569
2026,3,4,147.02,153.42,6.4,0.9583
2026,3,5,98.82,115.04,16.22,0.859
2026,3,6,135.84,152.24,16.4,0.8923
2026,3,7,102.36,117.98,15.62,0.8676
2026,3,8,145.18,177.84,32.66,0.8164
2026,3,9,132.64,141.28,8.64,0.9388
2026,3,10,126.12,150.52,24.4,0.8379
2026,3,11,109.18,143.04,33.86,0.7633
2026,3,12,142.12,173.62,31.5,0.8186
2026,4,1,150.0,159.4,9.4,0.941
2026,4,2,163.5,173.6,10.1,0.9418
2026,4,3,120.96,144.24,23.28,0.8386
2026,4,4,135.26,156.46,21.2,0.8645
2026,4,5,113.74,136.6,22.86,0.8327
2026,4,6,142.66,153.46,10.8,0.9296
2026,4,7,130.98,131.58,0.6,0.9954
2026,4,8,84.34,119.24,34.9,0.7073
2026,4,9,111.92,122.26,10.34,0.9154
2026,4,10,141.4,162.98,21.58,0.8676
2026,4,11,104.54,119.02,14.48,0.8783
2026,4,12,122.84,150.14,27.3,0.8182
