owner_id,display_name,first_season,last_season,seasons
346052121806008320,RepentOrParish,2020,2026,7
459440997709901824,JDaddio,2020,2026,7
473999707274735616,jryan7,2020,2026,7
603313262934695936,Datwell1,2020,2026,7
603665020093538304,jsmetz97,2020,2026,7
603676944961163264,billyparvatam,2020,2024,5
603749566180823040,Coryv9,2020,2026,7
604089510644473856,notdavidcaravas,2020,2026,7
604134004794404864,ShamParker,2020,2026,7
604354148099489792,stevevz111,2020,2026,7
604435599348260864,nicholascole121,2020,2026,7
606512613819486208,benanderson321,2020,2020,1
714708853345845248,RubyRich,2021,2026,6
472464921578172416,bird10039,2025,2026,2
