season,week,roster_id,allplay_wins,allplay_losses,allplay_ties,allplay_win_pct,h2h_actual_wins,median_wins,actual_wins,expected_wins,luck
2026,1,1,11,0,0,1.0,1.0,1.0,2.0,2.0,0.0
2026,1,2,9,2,0,0.8181818181818182,0.0,1.0,1.0,1.8181818181818183,-0.8181818181818183
2026,1,3,1,10,0,0.09090909090909091,0.0,0.0,0.0,0.09090909090909091,-0.09090909090909091
2026,1,4,6,5,0,0.5454545454545454,0.0,1.0,1.0,1.5454545454545454,-0.5454545454545454
2026,1,5,2,9,0,0.18181818181818182,1.0,0.0,1.0,0.18181818181818182,0.8181818181818181
2026,1,6,8,3,0,0.7272727272727273,1.0,1.0,2.0,1.7272727272727273,0.2727272727272727
2026,1,7,0,11,0,0.0,0.0,0.0,0.0,0.0,0.0
2026,1,8,5,6,0,0.45454545454545453,0.0,0.0,0.0,0.45454545454545453,-0.45454545454545453
2026,1,9,7,4,0,0.6363636363636364,1.0,1.0,2.0,1.6363636363636362,0.36363636363636376
2026,1,10,4,7,0,0.36363636363636365,1.0,0.0,1.0,0.36363636363636365,0.6363636363636364
2026,1,11,3,8,0,0.2727272727272727,0.0,0.0,0.0,0.2727272727272727,-0.2727272727272727
2026,1,12,10,1,0,0.9090909090909091,1.0,1.0,2.0,1.9090909090909092,0.09090909090909083
2026,2,1,5,6,0,0.45454545454545453,1.0,0.0,1.0,0.45454545454545453,0.5454545454545454
2026,2,2,3,8,0,0.2727272727272727,0.0,0.0,0.0,0.2727272727272727,-0.2727272727272727
2026,2,3,7,4,0,0.6363636363636364,1.0,1.0,2.0,1.6363636363636362,0.36363636363636376
2026,2,4,1,10,0,0.09090909090909091,0.0,0.0,0.0,0.09090909090909091,-0.09090909090909091
2026,2,5,0,11,0,0.0,0.0,0.0,0.0,0.0,0.0
2026,2,6,9,2,0,0.8181818181818182,1.0,1.0,2.0,1.8181818181818183,0.18181818181818166
2026,2,7,8,3,0,0.7272727272727273,0.0,1.0,1.0,1.7272727272727273,-0.7272727272727273
2026,2,8,6,5,0,0.5454545454545454,0.0,1.0,1.0,1.5454545454545454,-0.5454545454545454
2026,2,9,10,1,0,0.9090909090909091,1.0,1.0,2.0,1.9090909090909092,0.09090909090909083
2026,2,10,11,0,0,1.0,1.0,1.0,2.0,2.0,0.0
2026,2,11,4,7,0,0.36363636363636365,1.0,0.0,1.0,0.36363636363636365,0.6363636363636364
2026,2,12,2,9,0,0.18181818181818182,0.0,0.0,0.0,0.18181818181818182,-0.18181818181818182
2026,3,1,4,7,0,0.36363636363636365,0.0,0.0,0.0,0.36363636363636365,-0.36363636363636365
2026,3,2,5,6,0,0.45454545454545453,0.0,0.0,0.0,0.45454545454545453,-0.45454545454545453
2026,3,3,3,8,0,0.2727272727272727,0.0,0.0,0.0,0.2727272727272727,-0.2727272727272727
2026,3,4,11,0,0,1.0,1.0,1.0,2.0,2.0,0.0
2026,3,5,0,11,0,0.0,0.0,0.0,0.0,0.0,0.0
2026,3,6,8,3,0,0.7272727272727273,1.0,1.0,2.0,1.7272727272727273,0.2727272727272727
2026,3,7,1,10,0,0.09090909090909091,0.0,0.0,0.0,0.09090909090909091,-0.09090909090909091
2026,3,8,10,1,0,0.9090909090909091,1.0,1.0,2.0,1.9090909090909092,0.09090909090909083
2026,3,9,7,4,0,0.6363636363636364,1.0,1.0,2.0,1.6363636363636362,0.36363636363636376
2026,3,10,6,5,0,0.5454545454545454,1.0,1.0,2.0,1.5454545454545454,0.4545454545454546
2026,3,11,2,9,0,0.18181818181818182,1.0,0.0,1.0,0.18181818181818182,0.8181818181818181
2026,3,12,9,2,0,0.8181818181818182,0.0,1.0,1.0,1.8181818181818183,-0.8181818181818183
