season,through_week,roster_id,allplay_wins,allplay_losses,allplay_ties,allplay_win_pct,wins,losses,ties,h2h_wins,h2h_losses,h2h_ties,median_wins,median_losses,actual_wins,expected_wins,luck
2026,1,1,11,0,0,1.0,2,0,0,1,0,0,1,0,2.0,2.0,0.0
2026,1,2,9,2,0,0.8181818181818182,1,1,0,0,1,0,1,0,1.0,1.8181818181818183,-0.8181818181818183
2026,1,3,1,10,0,0.09090909090909091,0,2,0,0,1,0,0,1,0.0,0.09090909090909091,-0.09090909090909091
2026,1,4,6,5,0,0.5454545454545454,1,1,0,0,1,0,1,0,1.0,1.5454545454545454,-0.5454545454545454
2026,1,5,2,9,0,0.18181818181818182,1,1,0,1,0,0,0,1,1.0,0.18181818181818182,0.8181818181818181
2026,1,6,8,3,0,0.7272727272727273,2,0,0,1,0,0,1,0,2.0,1.7272727272727273,0.2727272727272727
2026,1,7,0,11,0,0.0,0,2,0,0,1,0,0,1,0.0,0.0,0.0
2026,1,8,5,6,0,0.45454545454545453,0,2,0,0,1,0,0,1,0.0,0.45454545454545453,-0.45454545454545453
2026,1,9,7,4,0,0.6363636363636364,2,0,0,1,0,0,1,0,2.0,1.6363636363636362,0.36363636363636376
2026,1,10,4,7,0,0.36363636363636365,1,1,0,1,0,0,0,1,1.0,0.36363636363636365,0.6363636363636364
2026,1,11,3,8,0,0.2727272727272727,0,2,0,0,1,0,0,1,0.0,0.2727272727272727,-0.2727272727272727
2026,1,12,10,1,0,0.9090909090909091,2,0,0,1,0,0,1,0,2.0,1.9090909090909092,0.09090909090909083
2026,2,1,16,6,0,0.7272727272727273,3,1,0,2,0,0,1,1,3.0,2.4545454545454546,0.5454545454545454
2026,2,2,12,10,0,0.5454545454545454,1,3,0,0,2,0,1,1,1.0,2.090909090909091,-1.090909090909091
2026,2,3,8,14,0,0.36363636363636365,2,2,0,1,1,0,1,1,2.0,1.727272727272727,0.2727272727272728
2026,2,4,7,15,0,0.3181818181818182,1,3,0,0,2,0,1,1,1.0,1.6363636363636362,-0.6363636363636364
2026,2,5,2,20,0,0.09090909090909091,1,3,0,1,1,0,0,2,1.0,0.18181818181818182,0.8181818181818181
2026,2,6,17,5,0,0.7727272727272727,4,0,0,2,0,0,2,0,4.0,3.545454545454546,0.45454545454545436
2026,2,7,8,14,0,0.36363636363636365,1,3,0,0,2,0,1,1,1.0,1.7272727272727273,-0.7272727272727273
2026,2,8,11,11,0,0.5,1,3,0,0,2,0,1,1,1.0,2.0,-1.0
2026,2,9,17,5,0,0.7727272727272727,4,0,0,2,0,0,2,0,4.0,3.5454545454545454,0.4545454545454546
2026,2,10,15,7,0,0.6818181818181818,3,1,0,2,0,0,1,1,3.0,2.3636363636363638,0.6363636363636364
2026,2,11,7,15,0,0.3181818181818182,1,3,0,1,1,0,0,2,1.0,0.6363636363636364,0.36363636363636365
2026,2,12,12,10,0,0.5454545454545454,2,2,0,1,1,0,1,1,2.0,2.090909090909091,-0.090909090909091
2026,3,1,20,13,0,0.6060606060606061,3,3,0,2,1,0,1,2,3.0,2.8181818181818183,0.18181818181818177
2026,3,2,17,16,0,0.5151515151515151,1,5,0,0,3,0,1,2,1.0,2.5454545454545454,-1.5454545454545456
2026,3,3,11,22,0,0.3333333333333333,2,4,0,1,2,0,1,2,2.0,1.9999999999999998,1.1102230246251565e-16
2026,3,4,18,15,0,0.5454545454545454,3,3,0,1,2,0,2,1,3.0,3.6363636363636362,-0.6363636363636364
2026,3,5,2,31,0,0.06060606060606061,1,5,0,1,2,0,0,3,1.0,0.18181818181818182,0.8181818181818181
2026,3,6,25,8,0,0.7575757575757576,6,0,0,3,0,0,3,0,6.0,5.272727272727273,0.7272727272727271
2026,3,7,9,24,0,0.2727272727272727,1,5,0,0,3,0,1,2,1.0,1.8181818181818181,-0.8181818181818182
2026,3,8,21,12,0,0.6363636363636364,3,3,0,1,2,0,2,1,3.0,3.909090909090909,-0.9090909090909092
2026,3,9,24,9,0,0.7272727272727273,6,0,0,3,0,0,3,0,6.0,5.181818181818182,0.8181818181818183
2026,3,10,21,12,0,0.6363636363636364,5,1,0,3,0,0,2,1,5.0,3.909090909090909,1.0909090909090908
2026,3,11,9,24,0,0.2727272727272727,2,4,0,2,1,0,0,3,2.0,0.8181818181818181,1.1818181818181817
2026,3,12,21,12,0,0.6363636363636364,3,3,0,1,2,0,2,1,3.0,3.909090909090909,-0.9090909090909094
