season,week,roster_id,slot_order,lineup_slot,player_id,is_starter,is_empty_slot,points,position,full_name,nfl_team
2026,1,1,0,QB,11564,True,False,9.82,QB,Drake Maye,NE
2026,1,1,1,RB,8151,True,False,32.6,RB,Kenneth Walker,KC
2026,1,1,2,RB,6790,True,False,31.9,RB,D'Andre Swift,CHI
2026,1,1,3,WR,12514,True,False,8.8,WR,Emeka Egbuka,TB
2026,1,1,4,WR,8144,True,False,23.2,WR,Chris Olave,NO
2026,1,1,5,FLEX,8131,True,False,27.8,TE,Isaiah Likely,NYG
2026,1,1,6,REC_FLEX,10859,True,False,9.8,TE,Sam LaPorta,DET
2026,1,1,7,SUPER_FLEX,12545,True,False,23.2,QB,Tyler Shough,NO
2026,1,1,8,K,12711,True,False,14.0,K,Tyler Loop,BAL
2026,1,1,9,DEF,JAX,True,False,14.0,DEF,Jacksonville Jaguars,JAX
2026,1,1,10,BN,12474,False,False,4.5,RB,Woody Marks,HOU
2026,1,1,11,BN,12533,False,False,12.1,RB,Jacory Croskey-Merritt,WAS
2026,1,1,12,BN,13345,False,False,0.0,RB,Jonah Coleman,DEN
2026,1,1,13,BN,8112,False,False,4.5,WR,Drake London,ATL
2026,1,1,14,BN,9482,False,False,9.2,TE,Michael Mayer,LV
2026,1,1,15,BN,9511,False,False,0.9,RB,Keaton Mitchell,LAC
2026,1,2,0,QB,4984,True,False,35.66,QB,Josh Allen,BUF
2026,1,2,1,RB,3198,True,False,34.8,RB,Derrick Henry,BAL
2026,1,2,2,RB,8155,True,False,18.8,RB,Breece Hall,NYJ
2026,1,2,3,WR,8148,True,False,6.5,WR,Jameson Williams,DET
2026,1,2,4,WR,10232,True,False,8.1,WR,Michael Wilson,ARI
2026,1,2,5,FLEX,7588,True,False,21.7,RB,Javonte Williams,DAL
2026,1,2,6,REC_FLEX,9484,True,False,9.5,TE,Tucker Kraft,GB
2026,1,2,7,SUPER_FLEX,9758,True,False,16.46,QB,C.J. Stroud,HOU
2026,1,2,8,K,6083,True,False,10.0,K,Matt Gay,LV
2026,1,2,9,DEF,GB,True,False,1.0,DEF,Green Bay Packers,GB
2026,1,2,10,BN,11604,False,False,0.0,TE,Brock Bowers,LV
2026,1,2,11,BN,13296,False,False,11.9,WR,Caleb Douglas,MIA
2026,1,2,12,BN,13417,False,False,0.0,WR,De'Zhaun Stribling,SF
2026,1,2,13,BN,1373,False,False,9.3,QB,Geno Smith,NYJ
2026,1,2,14,BN,4199,False,False,10.0,RB,Aaron Jones,MIN
2026,1,2,15,BN,9500,False,False,4.7,WR,Josh Downs,IND
2026,1,2,16,BN,9504,False,False,2.6,WR,Kayshon Boutte,HOU
2026,1,3,0,QB,11566,True,False,17.66,QB,Jayden Daniels,WAS
2026,1,3,1,RB,12481,True,False,14.1,RB,Cam Skattebo,NYG
2026,1,3,2,RB,12490,True,False,9.3,RB,Bhayshul Tuten,JAX
2026,1,3,3,WR,7564,True,False,2.2,WR,Ja'Marr Chase,CIN
2026,1,3,4,WR,12526,True,False,8.0,WR,Tetairoa McMillan,CAR
2026,1,3,5,FLEX,11631,True,False,5.5,WR,Brian Thomas,JAX
2026,1,3,6,REC_FLEX,1466,True,False,10.1,TE,Travis Kelce,KC
2026,1,3,7,SUPER_FLEX,6904,True,False,24.72,QB,Jalen Hurts,PHI
2026,1,3,8,K,11539,True,False,7.0,K,Jake Bates,DET
2026,1,3,9,DEF,HOU,True,False,-1.0,DEF,Houston Texans,HOU
2026,1,3,10,BN,11655,False,False,-0.6,RB,Tyrone Tracy,NYG
2026,1,3,11,BN,12493,False,False,5.2,TE,Oronde Gadsden,LAC
2026,1,3,12,BN,12509,False,False,3.5,WR,Tre' Harris,LAC
2026,1,3,13,BN,13286,False,False,6.8,RB,Jadarian Price,SEA
2026,1,3,14,BN,4574,False,False,5.72,QB,Cooper Rush,ATL
2026,1,3,15,BN,6768,False,False,0.0,QB,Tua Tagovailoa,ATL
2026,1,3,16,BN,7567,False,False,2.3,RB,Kenny Gainwell,TB
2026,1,4,0,QB,11563,True,False,5.44,QB,Bo Nix,DEN
2026,1,4,1,RB,9221,True,False,31.1,RB,Jahmyr Gibbs,DET
2026,1,4,2,RB,5892,True,False,27.4,RB,David Montgomery,HOU
2026,1,4,3,WR,5859,True,False,4.1,WR,A.J. Brown,NE
2026,1,4,4,WR,6801,True,False,7.4,WR,Tee Higgins,CIN
2026,1,4,5,FLEX,8130,True,False,24.5,TE,Trey McBride,ARI
2026,1,4,6,REC_FLEX,4037,True,False,6.3,WR,Chris Godwin,TB
2026,1,4,7,SUPER_FLEX,4892,True,False,11.64,QB,Baker Mayfield,TB
2026,1,4,8,K,12015,True,False,1.0,K,Harrison Mevis,LAR
2026,1,4,9,DEF,PIT,True,False,18.0,DEF,Pittsburgh Steelers,PIT
2026,1,4,10,BN,10219,False,False,2.3,RB,Chris Rodriguez,JAX
2026,1,4,11,BN,11370,False,False,2.9,RB,Chris Brooks,GB
2026,1,4,12,BN,12483,False,False,9.8,WR,Jack Bech,LV
2026,1,4,13,BN,4217,False,False,3.2,TE,George Kittle,SF
2026,1,4,14,BN,6819,False,False,7.3,WR,Michael Pittman,PIT
2026,1,4,15,BN,9486,False,False,14.3,WR,Dontayvion Wicks,PHI
2026,1,5,0,QB,6770,True,False,14.16,QB,Joe Burrow,CIN
2026,1,5,1,RB,12512,True,False,6.0,RB,Quinshon Judkins,CLE
2026,1,5,2,RB,12489,True,False,6.1,RB,RJ Harvey,DEN
2026,1,5,3,WR,7547,True,False,23.7,WR,Amon-Ra St. Brown,DET
2026,1,5,4,WR,5045,True,False,2.1,WR,Courtland Sutton,DEN
2026,1,5,5,FLEX,5022,True,False,23.7,TE,Dallas Goedert,PHI
2026,1,5,6,REC_FLEX,12517,True,False,0.0,TE,Colston Loveland,CHI
2026,1,5,7,SUPER_FLEX,12508,True,False,26.6,QB,Jaxson Dart,NYG
2026,1,5,8,K,8259,True,False,2.0,K,Cameron Dicker,LAC
2026,1,5,9,DEF,PHI,True,False,3.0,DEF,Philadelphia Eagles,PHI
2026,1,5,10,BN,12501,False,False,12.5,WR,Matthew Golden,GB
2026,1,5,11,BN,12522,False,False,11.7,QB,Cam Ward,TEN
2026,1,5,12,BN,12529,False,False,0.0,RB,TreVeyon Henderson,NE
2026,1,5,13,BN,13281,False,False,0.0,WR,Jordyn Tyson,NO
2026,1,5,14,BN,13285,False,False,3.5,WR,Malachi Fields,NYG
2026,1,5,15,BN,13294,False,False,1.0,WR,Makai Lemon,PHI
2026,1,5,16,BN,4035,False,False,0.0,RB,Alvin Kamara,NO
2026,1,6,0,QB,7523,True,False,26.1,QB,Trevor Lawrence,JAX
2026,1,6,1,RB,4034,True,False,11.3,RB,Christian McCaffrey,SF
2026,1,6,2,RB,12527,True,False,29.7,RB,Ashton Jeanty,LV
2026,1,6,3,WR,8167,True,False,29.7,WR,Christian Watson,GB
2026,1,6,4,WR,9997,True,False,23.5,WR,Zay Flowers,BAL
2026,1,6,5,FLEX,13279,True,False,5.8,WR,Carnell Tate,TEN
2026,1,6,6,REC_FLEX,11632,True,False,9.9,WR,Malik Nabers,NYG
2026,1,6,7,SUPER_FLEX,3163,True,False,16.44,QB,Jared Goff,DET
2026,1,6,8,K,11533,True,False,1.0,K,Brandon Aubrey,DAL
2026,1,6,9,DEF,DEN,True,False,4.0,DEF,Denver Broncos,DEN
2026,1,6,10,BN,13305,False,False,4.1,RB,Mike Washington,LV
2026,1,6,11,BN,13311,False,False,3.0,WR,Chris Bell,MIA
2026,1,6,12,BN,2449,False,False,13.5,WR,Stefon Diggs,WAS
2026,1,6,13,BN,8121,False,False,0.0,WR,Romeo Doubs,NE
2026,1,6,14,BN,8408,False,False,11.9,RB,Jordan Mason,MIN
2026,1,6,15,BN,8800,False,False,0.0,RB,Malik Davis,DAL
2026,1,6,16,BN,9754,False,False,2.7,WR,Quentin Johnston,LAC
2026,1,7,0,QB,3294,True,False,14.4,QB,Dak Prescott,DAL
2026,1,7,1,RB,5967,True,False,3.9,RB,Tony Pollard,TEN
2026,1,7,2,RB,7543,True,False,11.3,RB,Travis Etienne,NO
2026,1,7,3,WR,9493,True,False,9.9,WR,Puka Nacua,LAR
2026,1,7,4,WR,2216,True,False,13.9,WR,Mike Evans,SF
2026,1,7,5,FLEX,7021,True,False,3.1,RB,Rico Dowdle,PIT
2026,1,7,6,REC_FLEX,6786,True,False,12.9,WR,CeeDee Lamb,DAL
2026,1,7,7,SUPER_FLEX,5849,True,False,-0.38,QB,Kyler Murray,MIN
2026,1,7,8,K,7839,True,False,19.0,K,Evan McPherson,CIN
2026,1,7,9,DEF,LAC,True,False,1.0,DEF,Los Angeles Chargers,LAC
2026,1,7,10,BN,11581,False,False,3.7,RB,MarShawn Lloyd,GB
2026,1,7,11,BN,11583,False,False,6.7,RB,Jonathon Brooks,CAR
2026,1,7,12,BN,11646,False,False,29.8,WR,Jalen Coker,CAR
2026,1,7,13,BN,1166,False,False,13.8,QB,Kirk Cousins,LV
2026,1,7,14,BN,13269,False,False,0.0,QB,Fernando Mendoza,LV
2026,1,7,15,BN,5850,False,False,0.0,RB,Josh Jacobs,GB
2026,1,8,0,QB,8183,True,False,21.1,QB,Brock Purdy,SF
2026,1,8,1,RB,8138,True,False,8.4,RB,James Cook,BUF
2026,1,8,2,RB,4866,True,False,8.5,RB,Saquon Barkley,PHI
2026,1,8,3,WR,10229,True,False,8.9,WR,Rashee Rice,KC
2026,1,8,4,WR,11635,True,False,16.7,WR,Ladd McConkey,LAC
2026,1,8,5,FLEX,5927,True,False,2.4,WR,Terry McLaurin,WAS
2026,1,8,6,REC_FLEX,7002,True,False,14.4,TE,Juwan Johnson,NO
2026,1,8,7,SUPER_FLEX,8161,True,False,16.7,QB,Malik Willis,MIA
2026,1,8,8,K,12185,True,False,6.0,K,Spencer Shrader,IND
2026,1,8,9,DEF,KC,True,False,13.0,DEF,Kansas City Chiefs,KC
2026,1,8,10,BN,10222,False,False,3.5,WR,Jayden Reed,GB
2026,1,8,11,BN,10236,False,False,18.0,TE,Dalton Kincaid,BUF
2026,1,8,12,BN,12534,False,False,19.4,RB,Kyle Monangai,CHI
2026,1,8,13,BN,13298,False,False,5.8,WR,KC Concepcion,CLE
2026,1,8,14,BN,4943,False,False,0.52,QB,Sam Darnold,SEA
2026,1,8,15,BN,8136,False,False,3.7,RB,Rachaad White,WAS
2026,1,9,0,QB,11560,True,False,37.26,QB,Caleb Williams,CHI
2026,1,9,1,RB,7611,True,False,12.0,RB,Rhamondre Stevenson,NE
2026,1,9,2,RB,8228,True,False,7.8,RB,Jaylen Warren,PIT
2026,1,9,3,WR,9488,True,False,22.2,WR,Jaxon Smith-Njigba,SEA
2026,1,9,4,WR,8137,True,False,4.3,WR,George Pickens,DAL
2026,1,9,5,FLEX,9487,True,False,16.8,WR,Parker Washington,JAX
2026,1,9,6,REC_FLEX,12518,True,False,10.3,TE,Tyler Warren,IND
2026,1,9,7,SUPER_FLEX,4046,True,False,21.66,QB,Patrick Mahomes,KC
2026,1,9,8,K,11786,True,False,12.0,K,Cam Little,JAX
2026,1,9,9,DEF,LAR,True,False,2.0,DEF,Los Angeles Rams,LAR
2026,1,9,10,BN,11559,False,False,0.0,QB,Michael Penix,ATL
2026,1,9,11,BN,11586,False,False,5.4,RB,Blake Corum,LAR
2026,1,9,12,BN,13413,False,False,0.0,WR,Cyrus Allen,KC
2026,1,9,13,BN,13414,False,False,7.5,RB,Kaelon Black,SF
2026,1,9,14,BN,4983,False,False,18.5,WR,DJ Moore,BUF
2026,1,9,15,BN,8210,False,False,3.6,TE,Chig Okonkwo,WAS
2026,1,9,16,BN,96,False,False,12.54,QB,Aaron Rodgers,PIT
2026,1,10,0,QB,421,True,False,4.1,QB,Matthew Stafford,LAR
2026,1,10,1,RB,6813,True,False,23.6,RB,Jonathan Taylor,IND
2026,1,10,2,RB,12507,True,False,8.3,RB,Omarion Hampton,LAC
2026,1,10,3,WR,7569,True,False,17.7,WR,Nico Collins,HOU
2026,1,10,4,WR,7525,True,False,6.8,WR,DeVonta Smith,PHI
2026,1,10,5,FLEX,8150,True,False,14.0,RB,Kyren Williams,LAR
2026,1,10,6,REC_FLEX,12519,True,False,7.0,WR,Luther Burden,CHI
2026,1,10,7,SUPER_FLEX,5870,True,False,9.04,QB,Daniel Jones,IND
2026,1,10,8,K,3451,True,False,9.0,K,Ka'imi Fairbairn,HOU
2026,1,10,9,DEF,MIN,True,False,10.0,DEF,Minnesota Vikings,MIN
2026,1,10,10,BN,13293,False,False,1.6,WR,Ja'Kobi Lane,BAL
2026,1,10,11,BN,13602,False,False,0.0,QB,Jack Strand,ATL
2026,1,10,12,BN,5872,False,False,15.0,WR,Deebo Samuel,SF
2026,1,10,13,BN,7553,False,False,0.0,TE,Kyle Pitts,ATL
2026,1,10,14,BN,8126,False,False,6.3,WR,Wan'Dale Robinson,TEN
2026,1,10,15,BN,8142,False,False,8.1,WR,Alec Pierce,IND
2026,1,10,16,BN,8676,False,False,0.9,WR,Rashid Shaheed,SEA
2026,1,11,0,QB,4881,True,False,24.96,QB,Lamar Jackson,BAL
2026,1,11,1,RB,9226,True,False,8.6,RB,De'Von Achane,MIA
2026,1,11,2,RB,7594,True,False,22.2,RB,Chuba Hubbard,CAR
2026,1,11,3,WR,7526,True,False,0.7,WR,Jaylen Waddle,DEN
2026,1,11,4,WR,2133,True,False,4.1,WR,Davante Adams,LAR
2026,1,11,5,FLEX,13287,True,False,12.0,RB,Jeremiyah Love,ARI
2026,1,11,6,REC_FLEX,5846,True,False,6.0,WR,DK Metcalf,PIT
2026,1,11,7,SUPER_FLEX,6797,True,False,13.26,QB,Justin Herbert,LAC
2026,1,11,8,K,4227,True,False,7.0,K,Harrison Butker,KC
2026,1,11,9,DEF,DET,True,False,10.0,DEF,Detroit Lions,DET
2026,1,11,10,BN,10213,False,False,3.7,WR,Tre Tucker,LV
2026,1,11,11,BN,11628,False,False,3.8,WR,Marvin Harrison,ARI
2026,1,11,12,BN,3257,False,False,16.48,QB,Jacoby Brissett,ARI
2026,1,11,13,BN,6806,False,False,3.6,RB,J.K. Dobbins,DEN
2026,1,11,14,BN,9508,False,False,3.4,RB,Tyjae Spears,TEN
2026,1,11,15,BN,9753,False,False,0.0,RB,Zach Charbonnet,SEA
2026,1,11,16,BN,9756,False,False,0.0,WR,Jordan Addison,MIN
2026,1,12,0,QB,9228,True,False,31.44,QB,Bryce Young,CAR
2026,1,12,1,RB,9509,True,False,27.3,RB,Bijan Robinson,ATL
2026,1,12,2,RB,9224,True,False,16.3,RB,Chase Brown,CIN
2026,1,12,3,WR,6794,True,False,27.2,WR,Justin Jefferson,MIN
2026,1,12,4,WR,8146,True,False,10.9,WR,Garrett Wilson,NYJ
2026,1,12,5,FLEX,11584,True,False,16.8,RB,Bucky Irving,TB
2026,1,12,6,REC_FLEX,12506,True,False,4.1,TE,Harold Fannin,CLE
2026,1,12,7,SUPER_FLEX,6804,True,False,19.48,QB,Jordan Love,GB
2026,1,12,8,K,2747,True,False,7.0,K,Jason Myers,SEA
2026,1,12,9,DEF,SEA,True,False,13.0,DEF,Seattle Seahawks,SEA
2026,1,12,10,BN,11610,False,False,4.8,WR,Malik Washington,MIA
2026,1,12,11,BN,11620,False,False,6.2,WR,Rome Odunze,CHI
2026,1,12,12,BN,13330,False,False,11.4,TE,Kenyon Sadiq,NYJ
2026,1,12,13,BN,5947,False,False,11.2,WR,Jakobi Meyers,JAX
2026,1,12,14,BN,8132,False,False,8.0,RB,Tyler Allgeier,ARI
2026,1,12,15,BN,8154,False,False,3.1,RB,Brian Robinson,ATL
2026,2,1,0,QB,11564,True,False,8.02,QB,Drake Maye,NE
2026,2,1,1,RB,12533,True,False,5.3,RB,Jacory Croskey-Merritt,WAS
2026,2,1,2,RB,6790,True,False,10.4,RB,D'Andre Swift,CHI
2026,2,1,3,WR,12514,True,False,8.8,WR,Emeka Egbuka,TB
2026,2,1,4,WR,8144,True,False,18.6,WR,Chris Olave,NO
2026,2,1,5,FLEX,8151,True,False,20.8,RB,Kenneth Walker,KC
2026,2,1,6,REC_FLEX,10859,True,False,17.2,TE,Sam LaPorta,DET
2026,2,1,7,SUPER_FLEX,12545,True,False,22.38,QB,Tyler Shough,NO
2026,2,1,8,K,12711,True,False,6.0,K,Tyler Loop,BAL
2026,2,1,9,DEF,SF,True,False,9.0,DEF,San Francisco 49ers,SF
2026,2,1,10,BN,12474,False,False,6.0,RB,Woody Marks,HOU
2026,2,1,11,BN,13337,False,False,4.5,RB,Emmett Johnson,KC
2026,2,1,12,BN,13345,False,False,13.3,RB,Jonah Coleman,DEN
2026,2,1,13,BN,8112,False,False,6.9,WR,Drake London,ATL
2026,2,1,14,BN,8131,False,False,8.3,TE,Isaiah Likely,NYG
2026,2,1,15,BN,9511,False,False,4.4,RB,Keaton Mitchell,LAC
2026,2,2,0,QB,4984,True,False,40.82,QB,Josh Allen,BUF
2026,2,2,1,RB,3198,True,False,16.2,RB,Derrick Henry,BAL
2026,2,2,2,RB,7588,True,False,6.5,RB,Javonte Williams,DAL
2026,2,2,3,WR,8148,True,False,4.3,WR,Jameson Williams,DET
2026,2,2,4,WR,8134,True,False,5.3,WR,Khalil Shakir,BUF
2026,2,2,5,FLEX,8155,True,False,11.7,RB,Breece Hall,NYJ
2026,2,2,6,REC_FLEX,9484,True,False,3.5,TE,Tucker Kraft,GB
2026,2,2,7,SUPER_FLEX,9758,True,False,17.02,QB,C.J. Stroud,HOU
2026,2,2,8,K,6083,True,False,8.0,K,Matt Gay,LV
2026,2,2,9,DEF,GB,True,False,6.0,DEF,Green Bay Packers,GB
2026,2,2,10,BN,10232,False,False,2.8,WR,Michael Wilson,ARI
2026,2,2,11,BN,11604,False,False,0.0,TE,Brock Bowers,LV
2026,2,2,12,BN,13296,False,False,2.9,WR,Caleb Douglas,MIA
2026,2,2,13,BN,13301,False,False,3.9,WR,Antonio Williams,WAS
2026,2,2,14,BN,13417,False,False,0.0,WR,De'Zhaun Stribling,SF
2026,2,2,15,BN,4199,False,False,10.5,RB,Aaron Jones,MIN
2026,2,2,16,BN,9500,False,False,10.7,WR,Josh Downs,IND
2026,2,3,0,QB,11566,True,False,14.74,QB,Jayden Daniels,WAS
2026,2,3,1,RB,12481,True,False,7.5,RB,Cam Skattebo,NYG
2026,2,3,2,RB,13286,True,False,4.5,RB,Jadarian Price,SEA
2026,2,3,3,WR,7564,True,False,23.0,WR,Ja'Marr Chase,CIN
2026,2,3,4,WR,12526,True,False,12.6,WR,Tetairoa McMillan,CAR
2026,2,3,5,FLEX,12490,True,False,13.2,RB,Bhayshul Tuten,JAX
2026,2,3,6,REC_FLEX,1466,True,False,25.1,TE,Travis Kelce,KC
2026,2,3,7,SUPER_FLEX,6904,True,False,16.16,QB,Jalen Hurts,PHI
2026,2,3,8,K,11539,True,False,7.0,K,Jake Bates,DET
2026,2,3,9,DEF,HOU,True,False,6.0,DEF,Houston Texans,HOU
2026,2,3,10,BN,11631,False,False,5.5,WR,Brian Thomas,JAX
2026,2,3,11,BN,11834,False,False,8.9,WR,Devaughn Vele,NO
2026,2,3,12,BN,12509,False,False,5.8,WR,Tre' Harris,LAC
2026,2,3,13,BN,6130,False,False,0.9,RB,Devin Singletary,NYG
2026,2,3,14,BN,6768,False,False,0.0,QB,Tua Tagovailoa,ATL
2026,2,3,15,BN,7567,False,False,3.0,RB,Kenny Gainwell,TB
2026,2,3,16,BN,9482,False,False,5.3,TE,Michael Mayer,LV
2026,2,4,0,QB,4892,True,False,12.18,QB,Baker Mayfield,TB
2026,2,4,1,RB,9221,True,False,20.3,RB,Jahmyr Gibbs,DET
2026,2,4,2,RB,5892,True,False,3.4,RB,David Montgomery,HOU
2026,2,4,3,WR,6801,True,False,12.0,WR,Tee Higgins,CIN
2026,2,4,4,WR,4037,True,False,7.3,WR,Chris Godwin,TB
2026,2,4,5,FLEX,9486,True,False,9.9,WR,Dontayvion Wicks,PHI
2026,2,4,6,REC_FLEX,8130,True,False,18.1,TE,Trey McBride,ARI
2026,2,4,7,SUPER_FLEX,11563,True,False,14.12,QB,Bo Nix,DEN
2026,2,4,8,K,13545,True,False,8.0,K,Trey Smack,GB
2026,2,4,9,DEF,TB,True,False,3.0,DEF,Tampa Bay Buccaneers,TB
2026,2,4,10,BN,10219,False,False,1.3,RB,Chris Rodriguez,JAX
2026,2,4,11,BN,11370,False,False,3.1,RB,Chris Brooks,GB
2026,2,4,12,BN,12483,False,False,3.5,WR,Jack Bech,LV
2026,2,4,13,BN,4217,False,False,18.0,TE,George Kittle,SF
2026,2,4,14,BN,5859,False,False,0.0,WR,A.J. Brown,NE
2026,2,4,15,BN,6819,False,False,0.0,WR,Michael Pittman,PIT
2026,2,4,16,BN,9504,False,False,5.2,WR,Kayshon Boutte,HOU
2026,2,5,0,QB,6770,True,False,16.18,QB,Joe Burrow,CIN
2026,2,5,1,RB,12512,True,False,7.3,RB,Quinshon Judkins,CLE
2026,2,5,2,RB,12529,True,False,13.6,RB,TreVeyon Henderson,NE
2026,2,5,3,WR,7547,True,False,30.7,WR,Amon-Ra St. Brown,DET
2026,2,5,4,WR,12501,True,False,7.8,WR,Matthew Golden,GB
2026,2,5,5,FLEX,5022,True,False,1.4,TE,Dallas Goedert,PHI
2026,2,5,6,REC_FLEX,12517,True,False,1.3,TE,Colston Loveland,CHI
2026,2,5,7,SUPER_FLEX,12508,True,False,0.8,QB,Jaxson Dart,NYG
2026,2,5,8,K,8259,True,False,2.0,K,Cameron Dicker,LAC
2026,2,5,9,DEF,PHI,True,False,3.0,DEF,Philadelphia Eagles,PHI
2026,2,5,10,BN,12489,False,False,0.0,RB,RJ Harvey,DEN
2026,2,5,11,BN,12522,False,False,20.02,QB,Cam Ward,TEN
2026,2,5,12,BN,13281,False,False,0.0,WR,Jordyn Tyson,NO
2026,2,5,13,BN,13285,False,False,4.0,WR,Malachi Fields,NYG
2026,2,5,14,BN,13294,False,False,1.4,WR,Makai Lemon,PHI
2026,2,5,15,BN,4035,False,False,4.7,RB,Alvin Kamara,NO
2026,2,5,16,BN,5045,False,False,4.0,WR,Courtland Sutton,DEN
2026,2,6,0,QB,3163,True,False,29.78,QB,Jared Goff,DET
2026,2,6,1,RB,4034,True,False,20.6,RB,Christian McCaffrey,SF
2026,2,6,2,RB,12527,True,False,8.3,RB,Ashton Jeanty,LV
2026,2,6,3,WR,8167,True,False,12.1,WR,Christian Watson,GB
2026,2,6,4,WR,2449,True,False,19.2,WR,Stefon Diggs,WAS
2026,2,6,5,FLEX,11632,True,False,0.6,WR,Malik Nabers,NYG
2026,2,6,6,REC_FLEX,5012,True,False,10.9,TE,Mark Andrews,BAL
2026,2,6,7,SUPER_FLEX,7523,True,False,6.16,QB,Trevor Lawrence,JAX
2026,2,6,8,K,11533,True,False,16.0,K,Brandon Aubrey,DAL
2026,2,6,9,DEF,DEN,True,False,8.0,DEF,Denver Broncos,DEN
2026,2,6,10,BN,12492,False,False,1.6,WR,Pat Bryant,DEN
2026,2,6,11,BN,13279,False,False,4.2,WR,Carnell Tate,TEN
2026,2,6,12,BN,13305,False,False,0.7,RB,Mike Washington,LV
2026,2,6,13,BN,8121,False,False,11.1,WR,Romeo Doubs,NE
2026,2,6,14,BN,8408,False,False,0.0,RB,Jordan Mason,MIN
2026,2,6,15,BN,9754,False,False,1.9,WR,Quentin Johnston,LAC
2026,2,6,16,BN,9997,False,False,0.0,WR,Zay Flowers,BAL
2026,2,7,0,QB,3294,True,False,29.76,QB,Dak Prescott,DAL
2026,2,7,1,RB,11581,True,False,7.6,RB,MarShawn Lloyd,GB
2026,2,7,2,RB,7543,True,False,6.1,RB,Travis Etienne,NO
2026,2,7,3,WR,11646,True,False,10.6,WR,Jalen Coker,CAR
2026,2,7,4,WR,2216,True,False,6.9,WR,Mike Evans,SF
2026,2,7,5,FLEX,7021,True,False,5.4,RB,Rico Dowdle,PIT
2026,2,7,6,REC_FLEX,6786,True,False,31.3,WR,CeeDee Lamb,DAL
2026,2,7,7,SUPER_FLEX,1373,True,False,15.58,QB,Geno Smith,NYJ
2026,2,7,8,K,7839,True,False,12.0,K,Evan McPherson,CIN
2026,2,7,9,DEF,LAC,True,False,5.0,DEF,Los Angeles Chargers,LAC
2026,2,7,10,BN,11583,False,False,1.6,RB,Jonathon Brooks,CAR
2026,2,7,11,BN,13269,False,False,0.0,QB,Fernando Mendoza,LV
2026,2,7,12,BN,5849,False,False,0.0,QB,Kyler Murray,MIN
2026,2,7,13,BN,5850,False,False,0.0,RB,Josh Jacobs,GB
2026,2,7,14,BN,5967,False,False,7.0,RB,Tony Pollard,TEN
2026,2,7,15,BN,6865,False,False,3.5,TE,Colby Parkinson,LAR
2026,2,7,16,BN,9493,False,False,0.0,WR,Puka Nacua,LAR
2026,2,8,0,QB,8183,True,False,28.48,QB,Brock Purdy,SF
2026,2,8,1,RB,8138,True,False,20.4,RB,James Cook,BUF
2026,2,8,2,RB,4866,True,False,2.5,RB,Saquon Barkley,PHI
2026,2,8,3,WR,10229,True,False,10.3,WR,Rashee Rice,KC
2026,2,8,4,WR,11635,True,False,5.0,WR,Ladd McConkey,LAC
2026,2,8,5,FLEX,7002,True,False,10.6,TE,Juwan Johnson,NO
2026,2,8,6,REC_FLEX,10236,True,False,22.5,TE,Dalton Kincaid,BUF
2026,2,8,7,SUPER_FLEX,8161,True,False,12.48,QB,Malik Willis,MIA
2026,2,8,8,K,12185,True,False,14.0,K,Spencer Shrader,IND
2026,2,8,9,DEF,KC,True,False,1.0,DEF,Kansas City Chiefs,KC
2026,2,8,10,BN,10222,False,False,0.9,WR,Jayden Reed,GB
2026,2,8,11,BN,12534,False,False,6.8,RB,Kyle Monangai,CHI
2026,2,8,12,BN,13298,False,False,5.2,WR,KC Concepcion,CLE
2026,2,8,13,BN,4943,False,False,0.0,QB,Sam Darnold,SEA
2026,2,8,14,BN,5854,False,False,21.4,QB,Drew Lock,SEA
2026,2,8,15,BN,5927,False,False,6.0,WR,Terry McLaurin,WAS
2026,2,8,16,BN,8136,False,False,11.3,RB,Rachaad White,WAS
2026,2,9,0,QB,11560,True,False,7.72,QB,Caleb Williams,CHI
2026,2,9,1,RB,7611,True,False,3.1,RB,Rhamondre Stevenson,NE
2026,2,9,2,RB,11586,True,False,9.7,RB,Blake Corum,LAR
2026,2,9,3,WR,9488,True,False,38.0,WR,Jaxon Smith-Njigba,SEA
2026,2,9,4,WR,8137,True,False,7.0,WR,George Pickens,DAL
2026,2,9,5,FLEX,4983,True,False,-0.1,WR,DJ Moore,BUF
2026,2,9,6,REC_FLEX,9487,True,False,13.3,WR,Parker Washington,JAX
2026,2,9,7,SUPER_FLEX,4046,True,False,28.98,QB,Patrick Mahomes,KC
2026,2,9,8,K,11786,True,False,8.0,K,Cam Little,JAX
2026,2,9,9,DEF,CAR,True,False,26.0,DEF,Carolina Panthers,CAR
2026,2,9,10,BN,11559,False,False,0.0,QB,Michael Penix,ATL
2026,2,9,11,BN,12518,False,False,14.4,TE,Tyler Warren,IND
2026,2,9,12,BN,13414,False,False,2.5,RB,Kaelon Black,SF
2026,2,9,13,BN,8210,False,False,0.0,TE,Chig Okonkwo,WAS
2026,2,9,14,BN,8228,False,False,8.7,RB,Jaylen Warren,PIT
2026,2,9,15,BN,96,False,False,3.98,QB,Aaron Rodgers,PIT
2026,2,9,16,BN,LAR,False,False,12.0,DEF,Los Angeles Rams,LAR
2026,2,10,0,QB,421,True,False,26.98,QB,Matthew Stafford,LAR
2026,2,10,1,RB,6813,True,False,27.2,RB,Jonathan Taylor,IND
2026,2,10,2,RB,12507,True,False,16.5,RB,Omarion Hampton,LAC
2026,2,10,3,WR,12519,True,False,4.7,WR,Luther Burden,CHI
2026,2,10,4,WR,7525,True,False,22.7,WR,DeVonta Smith,PHI
2026,2,10,5,FLEX,8150,True,False,14.7,RB,Kyren Williams,LAR
2026,2,10,6,REC_FLEX,5872,True,False,5.0,WR,Deebo Samuel,SF
2026,2,10,7,SUPER_FLEX,5870,True,False,11.4,QB,Daniel Jones,IND
2026,2,10,8,K,3451,True,False,7.0,K,Ka'imi Fairbairn,HOU
2026,2,10,9,DEF,MIN,True,False,18.0,DEF,Minnesota Vikings,MIN
2026,2,10,10,BN,13602,False,False,-0.04,QB,Jack Strand,ATL
2026,2,10,11,BN,3161,False,False,6.32,QB,Carson Wentz,MIN
2026,2,10,12,BN,7553,False,False,2.5,TE,Kyle Pitts,ATL
2026,2,10,13,BN,7569,False,False,0.0,WR,Nico Collins,HOU
2026,2,10,14,BN,8126,False,False,1.4,WR,Wan'Dale Robinson,TEN
2026,2,10,15,BN,8142,False,False,1.6,WR,Alec Pierce,IND
2026,2,11,0,QB,4881,True,False,14.8,QB,Lamar Jackson,BAL
2026,2,11,1,RB,9226,True,False,10.8,RB,De'Von Achane,MIA
2026,2,11,2,RB,7594,True,False,13.4,RB,Chuba Hubbard,CAR
2026,2,11,3,WR,7526,True,False,17.8,WR,Jaylen Waddle,DEN
2026,2,11,4,WR,2133,True,False,35.5,WR,Davante Adams,LAR
2026,2,11,5,FLEX,13287,True,False,6.0,RB,Jeremiyah Love,ARI
2026,2,11,6,REC_FLEX,5846,True,False,4.7,WR,DK Metcalf,PIT
2026,2,11,7,SUPER_FLEX,6797,True,False,7.88,QB,Justin Herbert,LAC
2026,2,11,8,K,4227,True,False,17.0,K,Harrison Butker,KC
2026,2,11,9,DEF,DET,True,False,-2.0,DEF,Detroit Lions,DET
2026,2,11,10,BN,10213,False,False,20.4,WR,Tre Tucker,LV
2026,2,11,11,BN,11628,False,False,0.0,WR,Marvin Harrison,ARI
2026,2,11,12,BN,3257,False,False,6.5,QB,Jacoby Brissett,ARI
2026,2,11,13,BN,6806,False,False,3.6,RB,J.K. Dobbins,DEN
2026,2,11,14,BN,9508,False,False,8.0,RB,Tyjae Spears,TEN
2026,2,11,15,BN,9753,False,False,0.0,RB,Zach Charbonnet,SEA
2026,2,11,16,BN,9756,False,False,3.1,WR,Jordan Addison,MIN
2026,2,12,0,QB,9228,True,False,24.08,QB,Bryce Young,CAR
2026,2,12,1,RB,11584,True,False,11.0,RB,Bucky Irving,TB
2026,2,12,2,RB,9224,True,False,9.7,RB,Chase Brown,CIN
2026,2,12,3,WR,6794,True,False,7.0,WR,Justin Jefferson,MIN
2026,2,12,4,WR,11620,True,False,5.8,WR,Rome Odunze,CHI
2026,2,12,5,FLEX,9509,True,False,9.6,RB,Bijan Robinson,ATL
2026,2,12,6,REC_FLEX,8146,True,False,14.2,WR,Garrett Wilson,NYJ
2026,2,12,7,SUPER_FLEX,6804,True,False,13.8,QB,Jordan Love,GB
2026,2,12,8,K,2747,True,False,7.0,K,Jason Myers,SEA
2026,2,12,9,DEF,SEA,True,False,8.0,DEF,Seattle Seahawks,SEA
2026,2,12,10,BN,11610,False,False,6.7,WR,Malik Washington,MIA
2026,2,12,11,BN,12506,False,False,10.4,TE,Harold Fannin,CLE
2026,2,12,12,BN,13330,False,False,3.7,TE,Kenyon Sadiq,NYJ
2026,2,12,13,BN,5947,False,False,3.3,WR,Jakobi Meyers,JAX
2026,2,12,14,BN,8132,False,False,2.9,RB,Tyler Allgeier,ARI
2026,2,12,15,BN,8154,False,False,7.7,RB,Brian Robinson,ATL
2026,3,1,0,QB,11564,True,False,3.76,QB,Drake Maye,NE
2026,3,1,1,RB,8151,True,False,20.3,RB,Kenneth Walker,KC
2026,3,1,2,RB,6790,True,False,9.8,RB,D'Andre Swift,CHI
2026,3,1,3,WR,8112,True,False,23.9,WR,Drake London,ATL
2026,3,1,4,WR,8144,True,False,15.2,WR,Chris Olave,NO
2026,3,1,5,FLEX,12493,True,False,0.0,TE,Oronde Gadsden,LAC
2026,3,1,6,REC_FLEX,10859,True,False,7.4,TE,Sam LaPorta,DET
2026,3,1,7,SUPER_FLEX,12545,True,False,23.8,QB,Tyler Shough,NO
2026,3,1,8,K,12711,True,False,12.0,K,Tyler Loop,BAL
2026,3,1,9,DEF,SF,True,False,1.0,DEF,San Francisco 49ers,SF
2026,3,1,10,BN,12474,False,False,8.6,RB,Woody Marks,HOU
2026,3,1,11,BN,12514,False,False,8.7,WR,Emeka Egbuka,TB
2026,3,1,12,BN,12533,False,False,4.8,RB,Jacory Croskey-Merritt,WAS
2026,3,1,13,BN,13337,False,False,1.7,RB,Emmett Johnson,KC
2026,3,1,14,BN,13345,False,False,0.0,RB,Jonah Coleman,DEN
2026,3,1,15,BN,7600,False,False,5.1,TE,Pat Freiermuth,PIT
2026,3,1,16,BN,8131,False,False,3.3,TE,Isaiah Likely,NYG
2026,3,2,0,QB,4984,True,False,16.96,QB,Josh Allen,BUF
2026,3,2,1,RB,3198,True,False,21.4,RB,Derrick Henry,BAL
2026,3,2,2,RB,8155,True,False,7.0,RB,Breece Hall,NYJ
2026,3,2,3,WR,8148,True,False,6.9,WR,Jameson Williams,DET
2026,3,2,4,WR,9500,True,False,10.2,WR,Josh Downs,IND
2026,3,2,5,FLEX,11604,True,False,27.6,TE,Brock Bowers,LV
2026,3,2,6,REC_FLEX,9484,True,False,6.6,TE,Tucker Kraft,GB
2026,3,2,7,SUPER_FLEX,9758,True,False,11.68,QB,C.J. Stroud,HOU
2026,3,2,8,K,6083,True,False,12.0,K,Matt Gay,LV
2026,3,2,9,DEF,GB,True,False,-2.0,DEF,Green Bay Packers,GB
2026,3,2,10,BN,10232,False,False,20.4,WR,Michael Wilson,ARI
2026,3,2,11,BN,11625,False,False,0.0,WR,Adonai Mitchell,NYJ
2026,3,2,12,BN,13417,False,False,0.0,WR,De'Zhaun Stribling,SF
2026,3,2,13,BN,7571,False,False,4.7,WR,Rashod Bateman,BAL
2026,3,2,14,BN,7588,False,False,17.3,RB,Javonte Williams,DAL
2026,3,2,15,BN,8134,False,False,1.1,WR,Khalil Shakir,BUF
2026,3,2,16,BN,9754,False,False,5.5,WR,Quentin Johnston,LAC
2026,3,3,0,QB,6904,True,False,12.62,QB,Jalen Hurts,PHI
2026,3,3,1,RB,12481,True,False,11.5,RB,Cam Skattebo,NYG
2026,3,3,2,RB,12490,True,False,16.0,RB,Bhayshul Tuten,JAX
2026,3,3,3,WR,7564,True,False,20.3,WR,Ja'Marr Chase,CIN
2026,3,3,4,WR,12526,True,False,2.7,WR,Tetairoa McMillan,CAR
2026,3,3,5,FLEX,13286,True,False,0.7,RB,Jadarian Price,SEA
2026,3,3,6,REC_FLEX,1466,True,False,13.9,TE,Travis Kelce,KC
2026,3,3,7,SUPER_FLEX,2307,True,False,20.42,QB,Marcus Mariota,WAS
2026,3,3,8,K,11539,True,False,7.0,K,Jake Bates,DET
2026,3,3,9,DEF,HOU,True,False,11.0,DEF,Houston Texans,HOU
2026,3,3,10,BN,11256,False,False,0.0,QB,Tyson Bagent,CHI
2026,3,3,11,BN,11566,False,False,0.0,QB,Jayden Daniels,WAS
2026,3,3,12,BN,11631,False,False,1.3,WR,Brian Thomas,JAX
2026,3,3,13,BN,11834,False,False,5.4,WR,Devaughn Vele,NO
2026,3,3,14,BN,12509,False,False,10.6,WR,Tre' Harris,LAC
2026,3,3,15,BN,7567,False,False,2.0,RB,Kenny Gainwell,TB
2026,3,3,16,BN,9482,False,False,12.2,TE,Michael Mayer,LV
2026,3,4,0,QB,4892,True,False,11.28,QB,Baker Mayfield,TB
2026,3,4,1,RB,9221,True,False,37.9,RB,Jahmyr Gibbs,DET
2026,3,4,2,RB,5892,True,False,5.8,RB,David Montgomery,HOU
2026,3,4,3,WR,6801,True,False,18.0,WR,Tee Higgins,CIN
2026,3,4,4,WR,9486,True,False,4.2,WR,Dontayvion Wicks,PHI
2026,3,4,5,FLEX,4217,True,False,26.2,TE,George Kittle,SF
2026,3,4,6,REC_FLEX,8130,True,False,16.5,TE,Trey McBride,ARI
2026,3,4,7,SUPER_FLEX,11563,True,False,24.14,QB,Bo Nix,DEN
2026,3,4,8,K,13545,True,False,2.0,K,Trey Smack,GB
2026,3,4,9,DEF,PHI,True,False,1.0,DEF,Philadelphia Eagles,PHI
2026,3,4,10,BN,12487,False,False,1.9,TE,Terrance Ferguson,LAR
2026,3,4,11,BN,13288,False,False,0.0,RB,Nicholas Singleton,TEN
2026,3,4,12,BN,2306,False,False,6.12,QB,Jameis Winston,NYG
2026,3,4,13,BN,4037,False,False,4.0,WR,Chris Godwin,TB
2026,3,4,14,BN,5859,False,False,0.0,WR,A.J. Brown,NE
2026,3,4,15,BN,6819,False,False,2.6,WR,Michael Pittman,PIT
2026,3,4,16,BN,9511,False,False,12.2,RB,Keaton Mitchell,LAC
2026,3,5,0,QB,6770,True,False,22.58,QB,Joe Burrow,CIN
2026,3,5,1,RB,12512,True,False,8.9,RB,Quinshon Judkins,CLE
2026,3,5,2,RB,12529,True,False,3.4,RB,TreVeyon Henderson,NE
2026,3,5,3,WR,7547,True,False,9.9,WR,Amon-Ra St. Brown,DET
2026,3,5,4,WR,13346,True,False,7.1,WR,Denzel Boston,CLE
2026,3,5,5,FLEX,12501,True,False,18.5,WR,Matthew Golden,GB
2026,3,5,6,REC_FLEX,5001,True,False,6.0,TE,Dalton Schultz,HOU
2026,3,5,7,SUPER_FLEX,12522,True,False,9.44,QB,Cam Ward,TEN
2026,3,5,8,K,8259,True,False,10.0,K,Cameron Dicker,LAC
2026,3,5,9,DEF,CIN,True,False,3.0,DEF,Cincinnati Bengals,CIN
2026,3,5,10,BN,12489,False,False,7.7,RB,RJ Harvey,DEN
2026,3,5,11,BN,12517,False,False,7.1,TE,Colston Loveland,CHI
2026,3,5,12,BN,13281,False,False,0.0,WR,Jordyn Tyson,NO
2026,3,5,13,BN,4017,False,False,20.26,QB,Deshaun Watson,CLE
2026,3,5,14,BN,4035,False,False,4.6,RB,Alvin Kamara,NO
2026,3,5,15,BN,5022,False,False,0.0,TE,Dallas Goedert,PHI
2026,3,5,16,BN,5045,False,False,6.1,WR,Courtland Sutton,DEN
2026,3,6,0,QB,3163,True,False,19.36,QB,Jared Goff,DET
2026,3,6,1,RB,4034,True,False,19.6,RB,Christian McCaffrey,SF
2026,3,6,2,RB,12527,True,False,10.8,RB,Ashton Jeanty,LV
2026,3,6,3,WR,8167,True,False,19.1,WR,Christian Watson,GB
2026,3,6,4,WR,11632,True,False,5.1,WR,Malik Nabers,NYG
2026,3,6,5,FLEX,4199,True,False,11.7,RB,Aaron Jones,MIN
2026,3,6,6,REC_FLEX,5012,True,False,5.4,TE,Mark Andrews,BAL
2026,3,6,7,SUPER_FLEX,7523,True,False,19.78,QB,Trevor Lawrence,JAX
2026,3,6,8,K,11533,True,False,11.0,K,Brandon Aubrey,DAL
2026,3,6,9,DEF,DEN,True,False,14.0,DEF,Denver Broncos,DEN
2026,3,6,10,BN,12492,False,False,13.4,WR,Pat Bryant,DEN
2026,3,6,11,BN,13279,False,False,8.8,WR,Carnell Tate,TEN
2026,3,6,12,BN,13305,False,False,11.4,RB,Mike Washington,LV
2026,3,6,13,BN,2449,False,False,5.3,WR,Stefon Diggs,WAS
2026,3,6,14,BN,8121,False,False,6.4,WR,Romeo Doubs,NE
2026,3,6,15,BN,8408,False,False,0.0,RB,Jordan Mason,MIN
2026,3,6,16,BN,9997,False,False,12.9,WR,Zay Flowers,BAL
2026,3,7,0,QB,3294,True,False,18.94,QB,Dak Prescott,DAL
2026,3,7,1,RB,5967,True,False,11.6,RB,Tony Pollard,TEN
2026,3,7,2,RB,7543,True,False,8.0,RB,Travis Etienne,NO
2026,3,7,3,WR,11646,True,False,2.8,WR,Jalen Coker,CAR
2026,3,7,4,WR,2216,True,False,10.9,WR,Mike Evans,SF
2026,3,7,5,FLEX,11624,True,False,3.0,WR,Xavier Worthy,KC
2026,3,7,6,REC_FLEX,6786,True,False,16.7,WR,CeeDee Lamb,DAL
2026,3,7,7,SUPER_FLEX,5849,True,False,10.42,QB,Kyler Murray,MIN
2026,3,7,8,K,7839,True,False,11.0,K,Evan McPherson,CIN
2026,3,7,9,DEF,NYG,True,False,9.0,DEF,New York Giants,NYG
2026,3,7,10,BN,11581,False,False,2.8,RB,MarShawn Lloyd,GB
2026,3,7,11,BN,12504,False,False,2.1,RB,Kaleb Johnson,GB
2026,3,7,12,BN,13269,False,False,0.0,QB,Fernando Mendoza,LV
2026,3,7,13,BN,1373,False,False,26.04,QB,Geno Smith,NYJ
2026,3,7,14,BN,5850,False,False,0.0,RB,Josh Jacobs,GB
2026,3,7,15,BN,7021,False,False,0.0,RB,Rico Dowdle,PIT
2026,3,7,16,BN,9493,False,False,0.0,WR,Puka Nacua,LAR
2026,3,8,0,QB,8183,True,False,31.28,QB,Brock Purdy,SF
2026,3,8,1,RB,8138,True,False,19.4,RB,James Cook,BUF
2026,3,8,2,RB,4866,True,False,8.5,RB,Saquon Barkley,PHI
2026,3,8,3,WR,10229,True,False,12.3,WR,Rashee Rice,KC
2026,3,8,4,WR,11635,True,False,8.6,WR,Ladd McConkey,LAC
2026,3,8,5,FLEX,7002,True,False,23.3,TE,Juwan Johnson,NO
2026,3,8,6,REC_FLEX,10236,True,False,3.8,TE,Dalton Kincaid,BUF
2026,3,8,7,SUPER_FLEX,8161,True,False,10.0,QB,Malik Willis,MIA
2026,3,8,8,K,12185,True,False,17.0,K,Spencer Shrader,IND
2026,3,8,9,DEF,KC,True,False,11.0,DEF,Kansas City Chiefs,KC
2026,3,8,10,BN,12534,False,False,3.1,RB,Kyle Monangai,CHI
2026,3,8,11,BN,13298,False,False,1.9,WR,KC Concepcion,CLE
2026,3,8,12,BN,4943,False,False,27.66,QB,Sam Darnold,SEA
2026,3,8,13,BN,5854,False,False,0.0,QB,Drew Lock,SEA
2026,3,8,14,BN,5927,False,False,16.7,WR,Terry McLaurin,WAS
2026,3,8,15,BN,8136,False,False,10.6,RB,Rachaad White,WAS
2026,3,8,16,BN,9480,False,False,6.2,TE,Brenton Strange,JAX
2026,3,9,0,QB,4046,True,False,15.94,QB,Patrick Mahomes,KC
2026,3,9,1,RB,8228,True,False,19.1,RB,Jaylen Warren,PIT
2026,3,9,2,RB,7611,True,False,5.3,RB,Rhamondre Stevenson,NE
2026,3,9,3,WR,9488,True,False,30.36,WR,Jaxon Smith-Njigba,SEA
2026,3,9,4,WR,8137,True,False,11.7,WR,George Pickens,DAL
2026,3,9,5,FLEX,12518,True,False,14.7,TE,Tyler Warren,IND
2026,3,9,6,REC_FLEX,9487,True,False,11.5,WR,Parker Washington,JAX
2026,3,9,7,SUPER_FLEX,11559,True,False,14.04,QB,Michael Penix,ATL
2026,3,9,8,K,11786,True,False,5.0,K,Cam Little,JAX
2026,3,9,9,DEF,CAR,True,False,5.0,DEF,Carolina Panthers,CAR
2026,3,9,10,BN,11560,False,False,0.0,QB,Caleb Williams,CHI
2026,3,9,11,BN,11586,False,False,2.5,RB,Blake Corum,LAR
2026,3,9,12,BN,13414,False,False,1.7,RB,Kaelon Black,SF
2026,3,9,13,BN,3321,False,False,0.0,WR,Tyreek Hill,
2026,3,9,14,BN,4983,False,False,9.7,WR,DJ Moore,BUF
2026,3,9,15,BN,96,False,False,22.68,QB,Aaron Rodgers,PIT
2026,3,9,16,BN,LAR,False,False,3.0,DEF,Los Angeles Rams,LAR
2026,3,10,0,QB,421,True,False,20.9,QB,Matthew Stafford,LAR
2026,3,10,1,RB,6813,True,False,8.2,RB,Jonathan Taylor,IND
2026,3,10,2,RB,12507,True,False,5.6,RB,Omarion Hampton,LAC
2026,3,10,3,WR,5872,True,False,15.4,WR,Deebo Samuel,SF
2026,3,10,4,WR,7525,True,False,9.5,WR,DeVonta Smith,PHI
2026,3,10,5,FLEX,8150,True,False,18.8,RB,Kyren Williams,LAR
2026,3,10,6,REC_FLEX,7553,True,False,1.5,TE,Kyle Pitts,ATL
2026,3,10,7,SUPER_FLEX,1166,True,False,22.22,QB,Kirk Cousins,LV
2026,3,10,8,K,3451,True,False,5.0,K,Ka'imi Fairbairn,HOU
2026,3,10,9,DEF,MIN,True,False,19.0,DEF,Minnesota Vikings,MIN
2026,3,10,10,BN,12519,False,False,16.3,WR,Luther Burden,CHI
2026,3,10,11,BN,13602,False,False,0.0,QB,Jack Strand,ATL
2026,3,10,12,BN,3161,False,False,0.0,QB,Carson Wentz,MIN
2026,3,10,13,BN,5870,False,False,7.9,QB,Daniel Jones,IND
2026,3,10,14,BN,7569,False,False,0.0,WR,Nico Collins,HOU
2026,3,10,15,BN,8126,False,False,15.2,WR,Wan'Dale Robinson,TEN
2026,3,10,16,BN,8142,False,False,0.0,WR,Alec Pierce,IND
2026,3,11,0,QB,4881,True,False,20.44,QB,Lamar Jackson,BAL
2026,3,11,1,RB,9226,True,False,1.7,RB,De'Von Achane,MIA
2026,3,11,2,RB,7594,True,False,13.0,RB,Chuba Hubbard,CAR
2026,3,11,3,WR,7526,True,False,5.4,WR,Jaylen Waddle,DEN
2026,3,11,4,WR,2133,True,False,17.2,WR,Davante Adams,LAR
2026,3,11,5,FLEX,13287,True,False,19.4,RB,Jeremiyah Love,ARI
2026,3,11,6,REC_FLEX,10213,True,False,6.3,WR,Tre Tucker,LV
2026,3,11,7,SUPER_FLEX,6797,True,False,12.74,QB,Justin Herbert,LAC
2026,3,11,8,K,4227,True,False,6.0,K,Harrison Butker,KC
2026,3,11,9,DEF,DET,True,False,7.0,DEF,Detroit Lions,DET
2026,3,11,10,BN,11628,False,False,5.5,WR,Marvin Harrison,ARI
2026,3,11,11,BN,3257,False,False,25.6,QB,Jacoby Brissett,ARI
2026,3,11,12,BN,5846,False,False,10.6,WR,DK Metcalf,PIT
2026,3,11,13,BN,6806,False,False,5.8,RB,J.K. Dobbins,DEN
2026,3,11,14,BN,9508,False,False,0.5,RB,Tyjae Spears,TEN
2026,3,11,15,BN,9753,False,False,0.0,RB,Zach Charbonnet,SEA
2026,3,11,16,BN,9756,False,False,17.5,WR,Jordan Addison,MIN
2026,3,12,0,QB,6804,True,False,18.48,QB,Jordan Love,GB
2026,3,12,1,RB,9509,True,False,34.3,RB,Bijan Robinson,ATL
2026,3,12,2,RB,9224,True,False,7.9,RB,Chase Brown,CIN
2026,3,12,3,WR,6794,True,False,4.2,WR,Justin Jefferson,MIN
2026,3,12,4,WR,8146,True,False,21.7,WR,Garrett Wilson,NYJ
2026,3,12,5,FLEX,11584,True,False,6.8,RB,Bucky Irving,TB
2026,3,12,6,REC_FLEX,12506,True,False,24.1,TE,Harold Fannin,CLE
2026,3,12,7,SUPER_FLEX,9228,True,False,13.64,QB,Bryce Young,CAR
2026,3,12,8,K,2747,True,False,9.0,K,Jason Myers,SEA
2026,3,12,9,DEF,SEA,True,False,2.0,DEF,Seattle Seahawks,SEA
2026,3,12,10,BN,11610,False,False,8.6,WR,Malik Washington,MIA
2026,3,12,11,BN,11620,False,False,5.9,WR,Rome Odunze,CHI
2026,3,12,12,BN,13330,False,False,23.5,TE,Kenyon Sadiq,NYJ
2026,3,12,13,BN,5947,False,False,15.9,WR,Jakobi Meyers,JAX
2026,3,12,14,BN,8132,False,False,2.9,RB,Tyler Allgeier,ARI
2026,3,12,15,BN,8154,False,False,11.0,RB,Brian Robinson,ATL
2026,4,1,0,QB,11564,True,False,26.16,QB,Drake Maye,NE
2026,4,1,1,RB,12533,True,False,6.0,RB,Jacory Croskey-Merritt,WAS
2026,4,1,2,RB,6790,True,False,6.4,RB,D'Andre Swift,CHI
2026,4,1,3,WR,8112,True,False,12.1,WR,Drake London,ATL
2026,4,1,4,WR,8144,True,False,15.6,WR,Chris Olave,NO
2026,4,1,5,FLEX,8151,True,False,30.4,RB,Kenneth Walker,KC
2026,4,1,6,REC_FLEX,10859,True,False,22.4,TE,Sam LaPorta,DET
2026,4,1,7,SUPER_FLEX,12545,True,False,15.94,QB,Tyler Shough,NO
2026,4,1,8,K,12711,True,False,8.0,K,Tyler Loop,BAL
2026,4,1,9,DEF,BAL,True,False,7.0,DEF,Baltimore Ravens,BAL
2026,4,1,10,BN,11603,False,False,2.2,TE,AJ Barner,SEA
2026,4,1,11,BN,11625,False,False,0.0,WR,Adonai Mitchell,NYJ
2026,4,1,12,BN,12474,False,False,8.2,RB,Woody Marks,HOU
2026,4,1,13,BN,12514,False,False,2.3,WR,Emeka Egbuka,TB
2026,4,1,14,BN,13294,False,False,4.2,WR,Makai Lemon,PHI
2026,4,1,15,BN,13337,False,False,1.5,RB,Emmett Johnson,KC
2026,4,1,16,BN,8131,False,False,13.6,TE,Isaiah Likely,NYG
2026,4,2,0,QB,4984,True,False,18.52,QB,Josh Allen,BUF
2026,4,2,1,RB,3198,True,False,14.9,RB,Derrick Henry,BAL
2026,4,2,2,RB,7588,True,False,28.8,RB,Javonte Williams,DAL
2026,4,2,3,WR,10232,True,False,13.0,WR,Michael Wilson,ARI
2026,4,2,4,WR,9500,True,False,3.1,WR,Josh Downs,IND
2026,4,2,5,FLEX,9484,True,False,16.5,TE,Tucker Kraft,GB
2026,4,2,6,REC_FLEX,11604,True,False,20.6,TE,Brock Bowers,LV
2026,4,2,7,SUPER_FLEX,9758,True,False,23.08,QB,C.J. Stroud,HOU
2026,4,2,8,K,6083,True,False,16.0,K,Matt Gay,LV
2026,4,2,9,DEF,GB,True,False,9.0,DEF,Green Bay Packers,GB
2026,4,2,10,BN,13345,False,False,0.0,RB,Jonah Coleman,DEN
2026,4,2,11,BN,13417,False,False,0.0,WR,De'Zhaun Stribling,SF
2026,4,2,12,BN,7571,False,False,5.6,WR,Rashod Bateman,BAL
2026,4,2,13,BN,8134,False,False,9.7,WR,Khalil Shakir,BUF
2026,4,2,14,BN,8148,False,False,13.2,WR,Jameson Williams,DET
2026,4,2,15,BN,8155,False,False,0.0,RB,Breece Hall,NYJ
2026,4,2,16,BN,9754,False,False,4.5,WR,Quentin Johnston,LAC
2026,4,3,0,QB,6904,True,False,13.52,QB,Jalen Hurts,PHI
2026,4,3,1,RB,12481,True,False,7.1,RB,Cam Skattebo,NYG
2026,4,3,2,RB,12490,True,False,10.1,RB,Bhayshul Tuten,JAX
2026,4,3,3,WR,7564,True,False,4.2,WR,Ja'Marr Chase,CIN
2026,4,3,4,WR,12526,True,False,38.2,WR,Tetairoa McMillan,CAR
2026,4,3,5,FLEX,12495,True,False,17.0,RB,Ollie Gordon,MIA
2026,4,3,6,REC_FLEX,1466,True,False,3.5,TE,Travis Kelce,KC
2026,4,3,7,SUPER_FLEX,2307,True,False,5.34,QB,Marcus Mariota,WAS
2026,4,3,8,K,11539,True,False,18.0,K,Jake Bates,DET
2026,4,3,9,DEF,HOU,True,False,4.0,DEF,Houston Texans,HOU
2026,4,3,10,BN,11256,False,False,8.82,QB,Tyson Bagent,CHI
2026,4,3,11,BN,11566,False,False,0.0,QB,Jayden Daniels,WAS
2026,4,3,12,BN,11631,False,False,8.7,WR,Brian Thomas,JAX
2026,4,3,13,BN,12509,False,False,7.5,WR,Tre' Harris,LAC
2026,4,3,14,BN,13286,False,False,0.0,RB,Jadarian Price,SEA
2026,4,3,15,BN,7567,False,False,9.7,RB,Kenny Gainwell,TB
2026,4,3,16,BN,9482,False,False,16.2,TE,Michael Mayer,LV
2026,4,4,0,QB,11563,True,False,13.56,QB,Bo Nix,DEN
2026,4,4,1,RB,9221,True,False,15.7,RB,Jahmyr Gibbs,DET
2026,4,4,2,RB,5892,True,False,4.3,RB,David Montgomery,HOU
2026,4,4,3,WR,6801,True,False,21.2,WR,Tee Higgins,CIN
2026,4,4,4,WR,11834,True,False,14.4,WR,Devaughn Vele,NO
2026,4,4,5,FLEX,4217,True,False,17.0,TE,George Kittle,SF
2026,4,4,6,REC_FLEX,8130,True,False,10.1,TE,Trey McBride,ARI
2026,4,4,7,SUPER_FLEX,2306,True,False,18.0,QB,Jameis Winston,NYG
2026,4,4,8,K,11792,True,False,19.0,K,Will Reichard,MIN
2026,4,4,9,DEF,LV,True,False,2.0,DEF,Las Vegas Raiders,LV
2026,4,4,10,BN,11435,False,False,25.5,RB,Emanuel Wilson,SEA
2026,4,4,11,BN,13301,False,False,3.6,WR,Antonio Williams,WAS
2026,4,4,12,BN,4892,False,False,0.0,QB,Baker Mayfield,TB
2026,4,4,13,BN,5859,False,False,0.0,WR,A.J. Brown,NE
2026,4,4,14,BN,6819,False,False,2.5,WR,Michael Pittman,PIT
2026,4,4,15,BN,9486,False,False,3.3,WR,Dontayvion Wicks,PHI
2026,4,4,16,BN,9511,False,False,8.8,RB,Keaton Mitchell,LAC
2026,4,5,0,QB,6770,True,False,23.72,QB,Joe Burrow,CIN
2026,4,5,1,RB,12512,True,False,18.6,RB,Quinshon Judkins,CLE
2026,4,5,2,RB,12529,True,False,4.2,RB,TreVeyon Henderson,NE
2026,4,5,3,WR,7547,True,False,11.5,WR,Amon-Ra St. Brown,DET
2026,4,5,4,WR,13346,True,False,10.9,WR,Denzel Boston,CLE
2026,4,5,5,FLEX,12501,True,False,10.2,WR,Matthew Golden,GB
2026,4,5,6,REC_FLEX,12517,True,False,11.7,TE,Colston Loveland,CHI
2026,4,5,7,SUPER_FLEX,4017,True,False,12.92,QB,Deshaun Watson,CLE
2026,4,5,8,K,4227,True,False,6.0,K,Harrison Butker,KC
2026,4,5,9,DEF,CIN,True,False,4.0,DEF,Cincinnati Bengals,CIN
2026,4,5,10,BN,12489,False,False,14.3,RB,RJ Harvey,DEN
2026,4,5,11,BN,12522,False,False,15.58,QB,Cam Ward,TEN
2026,4,5,12,BN,13281,False,False,0.0,WR,Jordyn Tyson,NO
2026,4,5,13,BN,4035,False,False,20.3,RB,Alvin Kamara,NO
2026,4,5,14,BN,5001,False,False,2.9,TE,Dalton Schultz,HOU
2026,4,5,15,BN,5022,False,False,0.0,TE,Dallas Goedert,PHI
2026,4,5,16,BN,5045,False,False,0.9,WR,Courtland Sutton,DEN
2026,4,6,0,QB,3163,True,False,20.48,QB,Jared Goff,DET
2026,4,6,1,RB,4034,True,False,14.5,RB,Christian McCaffrey,SF
2026,4,6,2,RB,12527,True,False,15.6,RB,Ashton Jeanty,LV
2026,4,6,3,WR,8167,True,False,6.2,WR,Christian Watson,GB
2026,4,6,4,WR,11632,True,False,20.2,WR,Malik Nabers,NYG
2026,4,6,5,FLEX,4199,True,False,14.8,RB,Aaron Jones,MIN
2026,4,6,6,REC_FLEX,9997,True,False,21.8,WR,Zay Flowers,BAL
2026,4,6,7,SUPER_FLEX,7523,True,False,13.08,QB,Trevor Lawrence,JAX
2026,4,6,8,K,11533,True,False,12.0,K,Brandon Aubrey,DAL
2026,4,6,9,DEF,DEN,True,False,4.0,DEF,Denver Broncos,DEN
2026,4,6,10,BN,12492,False,False,6.2,WR,Pat Bryant,DEN
2026,4,6,11,BN,12718,False,False,1.2,WR,Konata Mumpfield,LAR
2026,4,6,12,BN,13279,False,False,17.0,WR,Carnell Tate,TEN
2026,4,6,13,BN,13305,False,False,2.2,RB,Mike Washington,LV
2026,4,6,14,BN,2449,False,False,6.0,WR,Stefon Diggs,WAS
2026,4,6,15,BN,4037,False,False,6.1,WR,Chris Godwin,TB
2026,4,6,16,BN,8408,False,False,0.0,RB,Jordan Mason,MIN
2026,4,7,0,QB,3294,True,False,18.1,QB,Dak Prescott,DAL
2026,4,7,1,RB,5967,True,False,12.0,RB,Tony Pollard,TEN
2026,4,7,2,RB,11576,True,False,7.7,RB,Braelon Allen,NYJ
2026,4,7,3,WR,6786,True,False,32.8,WR,CeeDee Lamb,DAL
2026,4,7,4,WR,9493,True,False,23.2,WR,Puka Nacua,LAR
2026,4,7,5,FLEX,2216,True,False,10.1,WR,Mike Evans,SF
2026,4,7,6,REC_FLEX,3634,True,False,1.6,WR,Kalif Raymond,CHI
2026,4,7,7,SUPER_FLEX,5849,True,False,11.48,QB,Kyler Murray,MIN
2026,4,7,8,K,7839,True,False,5.0,K,Evan McPherson,CIN
2026,4,7,9,DEF,CLE,True,False,9.0,DEF,Cleveland Browns,CLE
2026,4,7,10,BN,11646,False,False,0.0,WR,Jalen Coker,CAR
2026,4,7,11,BN,12504,False,False,2.2,RB,Kaleb Johnson,GB
2026,4,7,12,BN,13311,False,False,0.0,WR,Chris Bell,MIA
2026,4,7,13,BN,1373,False,False,8.76,QB,Geno Smith,NYJ
2026,4,7,14,BN,5850,False,False,0.0,RB,Josh Jacobs,GB
2026,4,7,15,BN,7021,False,False,0.0,RB,Rico Dowdle,PIT
2026,4,7,16,BN,7543,False,False,0.0,RB,Travis Etienne,NO
2026,4,8,0,QB,8183,True,False,19.62,QB,Brock Purdy,SF
2026,4,8,1,RB,8138,True,False,15.3,RB,James Cook,BUF
2026,4,8,2,RB,4866,True,False,1.5,RB,Saquon Barkley,PHI
2026,4,8,3,WR,10229,True,False,0.0,WR,Rashee Rice,KC
2026,4,8,4,WR,11635,True,False,0.0,WR,Ladd McConkey,LAC
2026,4,8,5,FLEX,7002,True,False,11.9,TE,Juwan Johnson,NO
2026,4,8,6,REC_FLEX,10236,True,False,1.7,TE,Dalton Kincaid,BUF
2026,4,8,7,SUPER_FLEX,4943,True,False,13.32,QB,Sam Darnold,SEA
2026,4,8,8,K,12185,True,False,16.0,K,Spencer Shrader,IND
2026,4,8,9,DEF,KC,True,False,5.0,DEF,Kansas City Chiefs,KC
2026,4,8,10,BN,12534,False,False,27.5,RB,Kyle Monangai,CHI
2026,4,8,11,BN,13298,False,False,8.9,WR,KC Concepcion,CLE
2026,4,8,12,BN,13425,False,False,11.42,QB,Jalon Daniels,TB
2026,4,8,13,BN,5927,False,False,0.0,WR,Terry McLaurin,WAS
2026,4,8,14,BN,8136,False,False,0.0,RB,Rachaad White,WAS
2026,4,8,15,BN,8161,False,False,2.5,QB,Malik Willis,MIA
2026,4,8,16,BN,9757,False,False,0.9,RB,Kendre Miller,NO
2026,4,9,0,QB,4046,True,False,17.0,QB,Patrick Mahomes,KC
2026,4,9,1,RB,8228,True,False,14.1,RB,Jaylen Warren,PIT
2026,4,9,2,RB,7611,True,False,16.9,RB,Rhamondre Stevenson,NE
2026,4,9,3,WR,9488,True,False,10.1,WR,Jaxon Smith-Njigba,SEA
2026,4,9,4,WR,8137,True,False,8.5,WR,George Pickens,DAL
2026,4,9,5,FLEX,12518,True,False,9.1,TE,Tyler Warren,IND
2026,4,9,6,REC_FLEX,9487,True,False,1.5,WR,Parker Washington,JAX
2026,4,9,7,SUPER_FLEX,11559,True,False,12.72,QB,Michael Penix,ATL
2026,4,9,8,K,11786,True,False,14.0,K,Cam Little,JAX
2026,4,9,9,DEF,LAR,True,False,8.0,DEF,Los Angeles Rams,LAR
2026,4,9,10,BN,11560,False,False,0.0,QB,Caleb Williams,CHI
2026,4,9,11,BN,11586,False,False,2.6,RB,Blake Corum,LAR
2026,4,9,12,BN,11643,False,False,0.7,RB,Jaylen Wright,MIA
2026,4,9,13,BN,13414,False,False,1.3,RB,Kaelon Black,SF
2026,4,9,14,BN,4018,False,False,0.0,RB,Joe Mixon,SEA
2026,4,9,15,BN,4983,False,False,2.2,WR,DJ Moore,BUF
2026,4,9,16,BN,96,False,False,21.96,QB,Aaron Rodgers,PIT
2026,4,10,0,QB,421,True,False,9.68,QB,Matthew Stafford,LAR
2026,4,10,1,RB,6813,True,False,22.2,RB,Jonathan Taylor,IND
2026,4,10,2,RB,8150,True,False,31.7,RB,Kyren Williams,LAR
2026,4,10,3,WR,7569,True,False,27.3,WR,Nico Collins,HOU
2026,4,10,4,WR,5872,True,False,15.5,WR,Deebo Samuel,SF
2026,4,10,5,FLEX,12519,True,False,9.4,WR,Luther Burden,CHI
2026,4,10,6,REC_FLEX,7553,True,False,7.7,TE,Kyle Pitts,ATL
2026,4,10,7,SUPER_FLEX,5870,True,False,7.92,QB,Daniel Jones,IND
2026,4,10,8,K,6650,True,False,2.0,K,Chase McLaughlin,TB
2026,4,10,9,DEF,MIN,True,False,8.0,DEF,Minnesota Vikings,MIN
2026,4,10,10,BN,1166,False,False,22.6,QB,Kirk Cousins,LV
2026,4,10,11,BN,12507,False,False,12.3,RB,Omarion Hampton,LAC
2026,4,10,12,BN,3161,False,False,0.0,QB,Carson Wentz,MIN
2026,4,10,13,BN,3271,False,False,11.7,TE,Tyler Higbee,LAR
2026,4,10,14,BN,7525,False,False,0.0,WR,DeVonta Smith,PHI
2026,4,10,15,BN,8126,False,False,9.5,WR,Wan'Dale Robinson,TEN
2026,4,10,16,BN,8142,False,False,0.0,WR,Alec Pierce,IND
2026,4,11,0,QB,4881,True,False,18.88,QB,Lamar Jackson,BAL
2026,4,11,1,RB,13287,True,False,6.0,RB,Jeremiyah Love,ARI
2026,4,11,2,RB,7594,True,False,25.4,RB,Chuba Hubbard,CAR
2026,4,11,3,WR,7526,True,False,12.0,WR,Jaylen Waddle,DEN
2026,4,11,4,WR,2133,True,False,5.2,WR,Davante Adams,LAR
2026,4,11,5,FLEX,9756,True,False,7.1,WR,Jordan Addison,MIN
2026,4,11,6,REC_FLEX,10213,True,False,6.4,WR,Tre Tucker,LV
2026,4,11,7,SUPER_FLEX,6797,True,False,9.56,QB,Justin Herbert,LAC
2026,4,11,8,K,8259,True,False,12.0,K,Cameron Dicker,LAC
2026,4,11,9,DEF,DET,True,False,2.0,DEF,Detroit Lions,DET
2026,4,11,10,BN,10219,False,False,9.5,RB,Chris Rodriguez,JAX
2026,4,11,11,BN,11628,False,False,7.7,WR,Marvin Harrison,ARI
2026,4,11,12,BN,3257,False,False,10.44,QB,Jacoby Brissett,ARI
2026,4,11,13,BN,5846,False,False,14.0,WR,DK Metcalf,PIT
2026,4,11,14,BN,6806,False,False,6.2,RB,J.K. Dobbins,DEN
2026,4,11,15,BN,9508,False,False,1.1,RB,Tyjae Spears,TEN
2026,4,11,16,BN,9753,False,False,0.0,RB,Zach Charbonnet,SEA
2026,4,12,0,QB,6804,True,False,13.08,QB,Jordan Love,GB
2026,4,12,1,RB,11584,True,False,6.1,RB,Bucky Irving,TB
2026,4,12,2,RB,9224,True,False,13.6,RB,Chase Brown,CIN
2026,4,12,3,WR,11610,True,False,9.5,WR,Malik Washington,MIA
2026,4,12,4,WR,8146,True,False,4.2,WR,Garrett Wilson,NYJ
2026,4,12,5,FLEX,9509,True,False,27.2,RB,Bijan Robinson,ATL
2026,4,12,6,REC_FLEX,12506,True,False,11.7,TE,Harold Fannin,CLE
2026,4,12,7,SUPER_FLEX,9228,True,False,21.46,QB,Bryce Young,CAR
2026,4,12,8,K,2747,True,False,5.0,K,Jason Myers,SEA
2026,4,12,9,DEF,SEA,True,False,11.0,DEF,Seattle Seahawks,SEA
2026,4,12,10,BN,11620,False,False,12.4,WR,Rome Odunze,CHI
2026,4,12,11,BN,13330,False,False,0.0,TE,Kenyon Sadiq,NYJ
2026,4,12,12,BN,1479,False,False,0.0,WR,Keenan Allen,IND
2026,4,12,13,BN,5947,False,False,4.8,WR,Jakobi Meyers,JAX
2026,4,12,14,BN,6794,False,False,0.0,WR,Justin Jefferson,MIN
2026,4,12,15,BN,8154,False,False,25.2,RB,Brian Robinson,ATL
2026,4,12,16,BN,PIT,False,False,6.0,DEF,Pittsburgh Steelers,PIT
