season,week,roster_id,strength,strength_sd,score_sd,p_playoffs,p_bye,p_seed_1,p_seed_2,p_seed_3,p_seed_4,p_seed_5,p_seed_6,p_title,avg_wins,avg_losses,clinched,out
2026,3,1,6.3437,7.0837,21.2511,0.7404,0.2704,0.1218,0.1486,0.1371,0.126,0.1128,0.0941,0.1542,16.2048,11.7952,False,False
2026,3,2,2.057,7.0837,21.2511,0.3934,0.0612,0.0214,0.0398,0.0592,0.0749,0.0902,0.1079,0.0611,12.7343,15.2657,False,False
2026,3,3,-4.2407,7.0837,21.2511,0.2368,0.0253,0.0083,0.017,0.0315,0.0455,0.0595,0.075,0.024,11.5298,16.4702,False,False
2026,3,4,1.1681,7.0837,21.2511,0.5371,0.1196,0.0472,0.0724,0.0875,0.1022,0.1119,0.1159,0.0791,14.3744,13.6256,False,False
2026,3,5,-10.1585,7.0837,21.2511,0.0657,0.004,0.0004,0.0036,0.0052,0.0116,0.0177,0.0272,0.0055,8.5395,19.4605,False,False
2026,3,6,4.8037,7.0837,21.2511,0.8734,0.4703,0.2885,0.1818,0.1421,0.1102,0.0831,0.0677,0.1754,18.605,9.395,False,False
2026,3,7,-6.6741,7.0837,21.2511,0.1188,0.0085,0.0015,0.007,0.0134,0.0193,0.034,0.0436,0.0114,9.7329,18.2671,False,False
2026,3,8,0.7615,7.0837,21.2511,0.5182,0.1097,0.0413,0.0684,0.0853,0.1033,0.1081,0.1118,0.0732,14.21,13.79,False,False
2026,3,9,4.3304,7.0837,21.2511,0.8654,0.448,0.2561,0.1919,0.1476,0.1126,0.0914,0.0658,0.1626,18.4138,9.5862,False,False
2026,3,10,0.9059,7.0837,21.2511,0.7089,0.2381,0.1101,0.128,0.1274,0.1212,0.1148,0.1074,0.1039,16.3665,11.6335,False,False
2026,3,11,-4.2007,7.0837,21.2511,0.2478,0.0288,0.0084,0.0204,0.0316,0.047,0.0616,0.0788,0.0239,11.5844,16.4156,False,False
2026,3,12,4.9037,7.0837,21.2511,0.6941,0.2161,0.095,0.1211,0.1321,0.1262,0.1149,0.1048,0.1257,15.7046,12.2954,False,False
