season,week,roster_id,rank,rank_change,power_score,season_scoring,recent_form,roster_strength,results,contrib_season_scoring,contrib_recent_form,contrib_roster_strength,contrib_results
2026,1,1,1,,56.43020195115346,195.12,195.12,197.42,1.0,20.01921941559319,14.299442439709424,11.361540095850843,10.75
2026,1,2,5,,51.856546077446936,162.52,162.52,167.92,0.0,18.689629502503884,13.349735358931346,10.5671812160117,9.25
2026,1,3,12,,45.545921963837756,97.58,97.58,102.18,0.0,16.041053767656656,11.457895548326183,8.796972647854911,9.25
2026,1,4,6,,49.64703554379353,136.88,136.88,152.44,0.0,17.643902957362478,12.602787826687484,10.150344759743568,9.25
2026,1,5,8,,48.24348622902613,107.36,107.36,121.26,1.0,16.439930741583446,11.742807672559605,9.310747814883076,10.75
2026,1,6,3,,52.9803638947522,157.44,157.44,167.14,1.0,18.482441871875242,13.201744194196603,10.54617782868036,10.75
2026,1,7,11,,45.76925655812113,89.02,89.02,132.7,0.0,15.691934453054063,11.208524609324332,9.61879749574273,9.25
2026,1,8,9,,47.931885435472125,116.1,116.1,142.7,0.0,16.79639135018469,11.997422392989066,9.888071692298372,9.25
2026,1,9,4,,52.02462638363221,146.32,146.32,160.52,1.0,18.02891304262515,12.877795030446535,10.367918310560526,10.75
2026,1,10,7,,48.40883063728997,109.54,109.54,121.74,1.0,16.528841968900462,11.80631569207176,9.323672976317745,10.75
2026,1,11,10,,46.6807693658582,108.82,108.82,115.14,0.0,16.499476792905853,11.785340566361324,9.145952006591022,9.25
2026,1,12,2,,54.48107595961636,173.52,173.52,181.12,1.0,19.138264135754877,13.670188668396342,10.922623155465148,10.75
2026,2,1,1,0,59.989786380765324,160.81,160.81,166.1,1.0,21.316528179759462,15.226091556971046,11.977472798364907,11.469693845669909
2026,2,2,6,-1,51.66701986164302,140.93,140.93,149.23,0.0,18.952037028865014,13.537169306332153,10.647507372115763,8.530306154330093
2026,2,3,10,2,45.13556689806286,113.69,113.69,118.19,0.5,15.712160824118287,11.222972017227349,8.200434056717224,10.0
2026,2,4,8,-2,46.86252722615727,122.59,122.59,135.72,0.0,16.770710685434214,11.97907906102444,9.582431325368525,8.530306154330093
2026,2,5,12,-4,41.24217797869021,95.72,95.72,115.28,0.5,13.574841609753435,9.696315435538168,7.97102093339861,10.0
2026,2,6,3,0,55.768968452190165,144.54,144.54,154.64,1.0,19.381403882724616,13.84385991623187,11.07401080756377,11.469693845669909
2026,2,7,11,0,43.948075911119304,109.63,109.63,132.26999999999998,0.0,15.22927178625956,10.878051275899686,9.310446694629963,8.530306154330093
2026,2,8,7,2,47.356551051182464,121.68,121.68,144.33999999999997,0.0,16.662476935569327,11.901769239692378,10.261998721590672,8.530306154330093
2026,2,9,2,2,56.174916148053974,144.01,144.01,161.16000000000003,1.0,19.31836664379232,13.798833316994514,11.58802234159723,11.469693845669909
2026,2,10,5,2,51.86860553496252,131.86,131.86,137.96,1.0,17.873267675816084,12.766619768440062,9.759024245036464,11.469693845669909
2026,2,11,9,1,46.76241857813043,117.35,117.35,129.36,0.5,16.147474587311127,11.533910419507949,9.081033571311352,10.0
2026,2,12,4,-2,53.223385979042455,141.85000000000002,141.85000000000002,147.95,0.5,19.06146016059655,13.615328686140392,10.546597132305514,10.0
2026,3,1,1,0,57.812018654077136,146.26,146.26,154.29999999999998,0.6666666666666666,20.850145623017593,14.892961159298281,11.348335179638369,10.720576692122892
2026,3,2,8,-2,50.23736906380364,133.4,133.4,147.0,0.0,18.58633283455393,13.275952024681379,10.536814280937007,7.838269923631323
2026,3,3,10,0,43.41718237854161,114.50666666666666,114.50666666666666,123.97333333333331,0.3333333333333333,15.260440951450748,10.900314965321964,7.977003153891788,9.279423307877108
2026,3,4,7,1,50.275710278173904,130.73333333333332,130.73333333333332,141.62,0.3333333333333333,18.116905610403865,12.94064686457419,9.93873449531874,9.279423307877108
2026,3,5,12,0,37.0843692219554,96.75333333333333,96.75333333333333,115.2,0.3333333333333333,12.135229206671726,8.668020861908376,7.001695845498188,9.279423307877108
2026,3,6,2,1,57.807836249254414,141.64,141.64,153.84,1.0,20.03686295717761,14.31204496941258,11.297198246295544,12.161730076368677
2026,3,7,11,0,40.16586502966259,107.20666666666666,107.20666666666666,127.50666666666666,0.0,13.975383925339958,9.982417089528543,8.369794091162769,7.838269923631323
2026,3,8,6,1,51.45128770734877,129.51333333333335,129.51333333333335,155.50666666666666,0.3333333333333333,17.902142655355217,12.787244753825156,11.482476990291289,9.279423307877108
2026,3,9,3,-1,57.45639221213966,140.22,140.22,154.53333333333333,1.0,19.786892960317704,14.133494971655505,11.374274203797775,12.161730076368677
2026,3,10,5,0,52.97916907641225,129.9466666666667,129.9466666666667,142.14666666666668,1.0,17.9784245792796,12.841731842342574,9.997282578421398,12.161730076368677
2026,3,11,9,0,46.00029226424557,114.62666666666667,114.62666666666667,133.92,0.6666666666666666,15.281565176537502,10.915403697526788,9.082746698058395,10.720576692122892
2026,3,12,4,0,55.31250786438498,141.94000000000003,141.94000000000003,156.50666666666666,0.3333333333333333,20.0896735198945,14.349766799924645,11.593644236688736,9.279423307877108
2026,4,1,2,-1,58.93149898942018,147.195,131.22,155.575,0.75,21.840694851622725,13.715354165850309,11.89083499403096,11.48461497791618
2026,4,2,4,4,54.81864551403793,140.925,133.72666666666666,153.64999999999998,0.25,20.48409811799963,14.209913869702815,11.609248504251665,8.51538502208382
2026,4,3,9,1,43.59738405670299,116.12,122.3,129.04,0.25,15.117211040245074,11.955458198417718,8.009329795956386,8.51538502208382
2026,4,4,7,0,50.94423820629513,131.865,130.19333333333336,145.32999999999998,0.25,18.523848292381558,13.512795138208595,10.39220975362116,8.51538502208382
2026,4,5,12,0,35.94796919738397,101.0,98.88,120.55,0.5,11.845800735240077,7.334744795136181,6.767423667007711,10.0
2026,4,6,1,1,60.08552177172034,141.89499999999998,136.71333333333334,153.745,1.0,20.693970339947693,14.799176495569634,11.623144980370647,12.969229955832361
2026,4,7,10,1,42.66110922752226,113.14999999999999,121.19333333333333,128.525,0.25,14.474612587476232,11.73711535044028,7.933996267521929,8.51538502208382
2026,4,8,8,-2,45.93144481845484,118.22,118.92666666666666,146.44,0.25,15.571573582606876,11.289907107594928,10.554579106169221,8.51538502208382
2026,4,9,5,-2,54.07233050375764,133.14499999999998,128.75333333333333,146.465,0.75,18.800793080106843,13.228686372165662,10.558236073568954,11.48461497791618
2026,4,10,3,2,57.94539601368285,132.81,140.5666666666667,147.35500000000002,1.0,18.72831143644437,15.559430508406738,10.688424112999384,12.969229955832361
2026,4,11,11,-2,42.586843456926104,112.105,113.2,130.195,0.5,14.248513131872384,10.16004863522976,8.178281689823962,10.0
2026,4,12,6,-2,52.47761824409585,137.16500000000002,125.04666666666667,154.915,0.25,19.670572804056587,12.49736936327738,11.794291054678059,8.51538502208382
