season,week,roster_id,matchup_id,opponent_roster_id,is_completed
2020,1,1,4,5,True
2020,1,2,1,4,True
2020,1,3,5,11,True
2020,1,4,1,2,True
2020,1,5,4,1,True
2020,1,6,2,9,True
2020,1,7,6,12,True
2020,1,8,3,10,True
2020,1,9,2,6,True
2020,1,10,3,8,True
2020,1,11,5,3,True
2020,1,12,6,7,True
2020,2,1,4,10,True
2020,2,2,2,9,True
2020,2,3,6,7,True
2020,2,4,1,6,True
2020,2,5,3,8,True
2020,2,6,1,4,True
2020,2,7,6,3,True
2020,2,8,3,5,True
2020,2,9,2,2,True
2020,2,10,4,1,True
2020,2,11,5,12,True
2020,2,12,5,11,True
2020,3,1,3,8,True
2020,3,2,2,6,True
2020,3,3,6,12,True
2020,3,4,1,9,True
2020,3,5,4,10,True
2020,3,6,2,2,True
2020,3,7,5,11,True
2020,3,8,3,1,True
2020,3,9,1,4,True
2020,3,10,4,5,True
2020,3,11,5,7,True
2020,3,12,6,3,True
2020,4,1,6,7,True
2020,4,2,2,10,True
2020,4,3,4,9,True
2020,4,4,1,8,True
2020,4,5,5,12,True
2020,4,6,3,11,True
2020,4,7,6,1,True
2020,4,8,1,4,True
2020,4,9,4,3,True
2020,4,10,2,2,True
2020,4,11,3,6,True
2020,4,12,5,5,True
2020,5,1,6,12,True
2020,5,2,2,8,True
2020,5,3,3,6,True
2020,5,4,1,10,True
2020,5,5,5,7,True
2020,5,6,3,3,True
2020,5,7,5,5,True
2020,5,8,2,2,True
2020,5,9,4,11,True
2020,5,10,1,4,True
2020,5,11,4,9,True
2020,5,12,6,1,True
2020,6,1,2,2,True
2020,6,2,2,1,True
2020,6,3,6,10,True
2020,6,4,1,5,True
2020,6,5,1,4,True
2020,6,6,3,12,True
2020,6,7,4,9,True
2020,6,8,5,11,True
2020,6,9,4,7,True
2020,6,10,6,3,True
2020,6,11,5,8,True
2020,6,12,3,6,True
2020,7,1,1,4,True
2020,7,2,2,5,True
2020,7,3,5,8,True
2020,7,4,1,1,True
2020,7,5,2,2,True
2020,7,6,3,7,True
2020,7,7,3,6,True
2020,7,8,5,3,True
2020,7,9,4,12,True
2020,7,10,6,11,True
2020,7,11,6,10,True
2020,7,12,4,9,True
2020,8,1,4,9,True
2020,8,2,2,3,True
2020,8,3,2,2,True
2020,8,4,1,11,True
2020,8,5,3,6,True
2020,8,6,3,5,True
2020,8,7,6,10,True
2020,8,8,5,12,True
2020,8,9,4,1,True
2020,8,10,6,7,True
2020,8,11,1,4,True
2020,8,12,5,8,True
2020,9,1,3,6,True
2020,9,2,2,11,True
2020,9,3,1,4,True
2020,9,4,1,3,True
2020,9,5,4,9,True
2020,9,6,3,1,True
2020,9,7,5,8,True
2020,9,8,5,7,True
2020,9,9,4,5,True
2020,9,10,6,12,True
2020,9,11,2,2,True
2020,9,12,6,10,True
2020,10,1,6,3,True
2020,10,2,2,7,True
2020,10,3,6,1,True
2020,10,4,1,12,True
2020,10,5,5,11,True
2020,10,6,3,8,True
2020,10,7,2,2,True
2020,10,8,3,6,True
2020,10,9,4,10,True
2020,10,10,4,9,True
2020,10,11,5,5,True
2020,10,12,1,4,True
2020,11,1,6,11,True
2020,11,2,2,12,True
2020,11,3,5,5,True
2020,11,4,1,7,True
2020,11,5,5,3,True
2020,11,6,3,10,True
2020,11,7,1,4,True
2020,11,8,4,9,True
2020,11,9,4,8,True
2020,11,10,3,6,True
2020,11,11,6,1,True
2020,11,12,2,2,True
2020,12,1,4,5,True
2020,12,2,1,4,True
2020,12,3,5,11,True
2020,12,4,1,2,True
2020,12,5,4,1,True
2020,12,6,2,9,True
2020,12,7,6,12,True
2020,12,8,3,10,True
2020,12,9,2,6,True
2020,12,10,3,8,True
2020,12,11,5,3,True
2020,12,12,6,7,True
2020,13,1,1,4,True
2020,13,2,2,10,True
2020,13,3,5,11,True
2020,13,4,1,1,True
2020,13,5,3,8,True
2020,13,6,6,12,True
2020,13,7,4,9,True
2020,13,8,3,5,True
2020,13,9,4,7,True
2020,13,10,2,2,True
2020,13,11,5,3,True
2020,13,12,6,6,True
2021,1,1,6,10,True
2021,1,2,1,6,True
2021,1,3,4,11,True
2021,1,4,2,9,True
2021,1,5,3,12,True
2021,1,6,1,2,True
2021,1,7,5,8,True
2021,1,8,5,7,True
2021,1,9,2,4,True
2021,1,10,6,1,True
2021,1,11,4,3,True
2021,1,12,3,5,True
2021,2,1,5,7,True
2021,2,2,1,9,True
2021,2,3,4,5,True
2021,2,4,2,6,True
2021,2,5,4,3,True
2021,2,6,2,4,True
2021,2,7,5,1,True
2021,2,8,6,10,True
2021,2,9,1,2,True
2021,2,10,6,8,True
2021,2,11,3,12,True
2021,2,12,3,11,True
2021,3,1,6,8,True
2021,3,2,1,4,True
2021,3,3,3,12,True
2021,3,4,1,2,True
2021,3,5,4,11,True
2021,3,6,2,9,True
2021,3,7,5,10,True
2021,3,8,6,1,True
2021,3,9,2,6,True
2021,3,10,5,7,True
2021,3,11,4,5,True
2021,3,12,3,3,True
2021,4,1,5,11,True
2021,4,2,1,12,True
2021,4,3,6,10,True
2021,4,4,4,8,True
2021,4,5,2,6,True
2021,4,6,2,5,True
2021,4,7,3,9,True
2021,4,8,4,4,True
2021,4,9,3,7,True
2021,4,10,6,3,True
2021,4,11,5,1,True
2021,4,12,1,2,True
2021,5,1,6,3,True
2021,5,2,1,5,True
2021,5,3,6,1,True
2021,5,4,4,7,True
2021,5,5,1,2,True
2021,5,6,2,12,True
2021,5,7,4,4,True
2021,5,8,3,9,True
2021,5,9,3,8,True
2021,5,10,5,11,True
2021,5,11,5,10,True
2021,5,12,2,6,True
2021,6,1,3,9,True
2021,6,2,1,11,True
2021,6,3,2,6,True
2021,6,4,4,10,True
2021,6,5,6,8,True
2021,6,6,2,3,True
2021,6,7,5,12,True
2021,6,8,6,5,True
2021,6,9,3,1,True
2021,6,10,4,4,True
2021,6,11,1,2,True
2021,6,12,5,7,True
2021,7,1,4,4,True
2021,7,2,1,3,True
2021,7,3,1,2,True
2021,7,4,4,1,True
2021,7,5,6,7,True
2021,7,6,2,11,True
2021,7,7,6,5,True
2021,7,8,5,12,True
2021,7,9,3,10,True
2021,7,10,3,9,True
2021,7,11,2,6,True
2021,7,12,5,8,True
2021,8,1,5,12,True
2021,8,2,1,7,True
2021,8,3,4,4,True
2021,8,4,4,3,True
2021,8,5,6,10,True
2021,8,6,2,8,True
2021,8,7,1,2,True
2021,8,8,2,6,True
2021,8,9,3,11,True
2021,8,10,6,5,True
2021,8,11,3,9,True
2021,8,12,5,1,True
2021,9,1,6,5,True
2021,9,2,1,8,True
2021,9,3,3,9,True
2021,9,4,4,11,True
2021,9,5,6,1,True
2021,9,6,2,7,True
2021,9,7,2,6,True
2021,9,8,1,2,True
2021,9,9,3,3,True
2021,9,10,5,12,True
2021,9,11,4,4,True
2021,9,12,5,10,True
2021,10,1,1,2,True
2021,10,2,1,1,True
2021,10,3,6,8,True
2021,10,4,4,5,True
2021,10,5,4,4,True
2021,10,6,2,10,True
2021,10,7,5,11,True
2021,10,8,6,3,True
2021,10,9,3,12,True
2021,10,10,2,6,True
2021,10,11,5,7,True
2021,10,12,3,9,True
2021,11,1,2,6,True
2021,11,2,1,10,True
2021,11,3,6,7,True
2021,11,4,4,12,True
2021,11,5,3,9,True
2021,11,6,2,1,True
2021,11,7,6,3,True
2021,11,8,5,11,True
2021,11,9,3,5,True
2021,11,10,1,2,True
2021,11,11,5,8,True
2021,11,12,4,4,True
2021,12,1,6,10,True
2021,12,2,1,6,True
2021,12,3,4,11,True
2021,12,4,2,9,True
2021,12,5,3,12,True
2021,12,6,1,2,True
2021,12,7,5,8,True
2021,12,8,5,7,True
2021,12,9,2,4,True
2021,12,10,6,1,True
2021,12,11,4,3,True
2021,12,12,3,5,True
2021,13,1,5,7,True
2021,13,2,1,9,True
2021,13,3,4,5,True
2021,13,4,2,6,True
2021,13,5,4,3,True
2021,13,6,2,4,True
2021,13,7,5,1,True
2021,13,8,6,10,True
2021,13,9,1,2,True
2021,13,10,6,8,True
2021,13,11,3,12,True
2021,13,12,3,11,True
2021,14,1,2,5,True
2021,14,2,4,12,True
2021,14,3,6,8,True
2021,14,4,1,9,True
2021,14,5,2,1,True
2021,14,6,3,11,True
2021,14,7,5,10,True
2021,14,8,6,3,True
2021,14,9,1,4,True
2021,14,10,5,7,True
2021,14,11,3,6,True
2021,14,12,4,2,True
2022,1,1,5,4,True
2022,1,2,4,9,True
2022,1,3,1,12,True
2022,1,4,5,1,True
2022,1,5,2,7,True
2022,1,6,6,8,True
2022,1,7,2,5,True
2022,1,8,6,6,True
2022,1,9,4,2,True
2022,1,10,3,11,True
2022,1,11,3,10,True
2022,1,12,1,3,True
2022,2,1,6,8,True
2022,2,2,3,10,True
2022,2,3,2,5,True
2022,2,4,5,6,True
2022,2,5,2,3,True
2022,2,6,5,4,True
2022,2,7,1,12,True
2022,2,8,6,1,True
2022,2,9,4,11,True
2022,2,10,3,2,True
2022,2,11,4,9,True
2022,2,12,1,7,True
2022,3,1,6,6,True
2022,3,2,4,11,True
2022,3,3,2,7,True
2022,3,4,5,8,True
2022,3,5,1,12,True
2022,3,6,6,1,True
2022,3,7,2,3,True
2022,3,8,5,4,True
2022,3,9,3,10,True
2022,3,10,3,9,True
2022,3,11,4,2,True
2022,3,12,1,5,True
2022,4,1,4,5,True
2022,4,2,5,6,True
2022,4,3,2,11,True
2022,4,4,3,7,True
2022,4,5,4,1,True
2022,4,6,5,2,True
2022,4,7,3,4,True
2022,4,8,6,9,True
2022,4,9,6,8,True
2022,4,10,1,12,True
2022,4,11,2,3,True
2022,4,12,1,10,True
2022,5,1,3,7,True
2022,5,2,5,8,True
2022,5,3,2,10,True
2022,5,4,4,5,True
2022,5,5,4,4,True
2022,5,6,6,9,True
2022,5,7,3,1,True
2022,5,8,5,2,True
2022,5,9,6,6,True
2022,5,10,2,3,True
2022,5,11,1,12,True
2022,5,12,1,11,True
2022,6,1,6,11,True
2022,6,2,1,12,True
2022,6,3,2,9,True
2022,6,4,5,10,True
2022,6,5,4,8,True
2022,6,6,3,7,True
2022,6,7,3,6,True
2022,6,8,4,5,True
2022,6,9,2,3,True
2022,6,10,5,4,True
2022,6,11,6,1,True
2022,6,12,1,2,True
2022,7,1,5,10,True
2022,7,2,2,3,True
2022,7,3,2,2,True
2022,7,4,6,11,True
2022,7,5,4,6,True
2022,7,6,4,5,True
2022,7,7,3,8,True
2022,7,8,3,7,True
2022,7,9,1,12,True
2022,7,10,5,1,True
2022,7,11,6,4,True
2022,7,12,1,9,True
2022,8,1,2,3,True
2022,8,2,3,7,True
2022,8,3,2,1,True
2022,8,4,1,12,True
2022,8,5,4,9,True
2022,8,6,5,10,True
2022,8,7,3,2,True
2022,8,8,6,11,True
2022,8,9,4,5,True
2022,8,10,5,6,True
2022,8,11,6,8,True
2022,8,12,1,4,True
2022,9,1,1,12,True
2022,9,2,4,5,True
2022,9,3,2,4,True
2022,9,4,2,3,True
2022,9,5,4,2,True
2022,9,6,6,11,True
2022,9,7,3,9,True
2022,9,8,5,10,True
2022,9,9,3,7,True
2022,9,10,5,8,True
2022,9,11,6,6,True
2022,9,12,1,1,True
2022,10,1,6,9,True
2022,10,2,5,4,True
2022,10,3,2,8,True
2022,10,4,5,2,True
2022,10,5,4,11,True
2022,10,6,1,12,True
2022,10,7,3,10,True
2022,10,8,2,3,True
2022,10,9,6,1,True
2022,10,10,3,7,True
2022,10,11,4,5,True
2022,10,12,1,6,True
2022,11,1,5,2,True
2022,11,2,5,1,True
2022,11,3,2,6,True
2022,11,4,6,9,True
2022,11,5,4,10,True
2022,11,6,2,3,True
2022,11,7,3,11,True
2022,11,8,1,12,True
2022,11,9,6,4,True
2022,11,10,4,5,True
2022,11,11,3,7,True
2022,11,12,1,8,True
2022,12,1,5,4,True
2022,12,2,4,9,True
2022,12,3,1,12,True
2022,12,4,5,1,True
2022,12,5,2,7,True
2022,12,6,6,8,True
2022,12,7,2,5,True
2022,12,8,6,6,True
2022,12,9,4,2,True
2022,12,10,3,11,True
2022,12,11,3,10,True
2022,12,12,1,3,True
2022,13,1,6,8,True
2022,13,2,3,10,True
2022,13,3,2,5,True
2022,13,4,5,6,True
2022,13,5,2,3,True
2022,13,6,5,4,True
2022,13,7,1,12,True
2022,13,8,6,1,True
2022,13,9,4,11,True
2022,13,10,3,2,True
2022,13,11,4,9,True
2022,13,12,1,7,True
2022,14,1,6,6,True
2022,14,2,1,4,True
2022,14,3,5,12,True
2022,14,4,1,2,True
2022,14,5,2,11,True
2022,14,6,6,1,True
2022,14,7,4,10,True
2022,14,8,3,9,True
2022,14,9,3,8,True
2022,14,10,4,7,True
2022,14,11,2,5,True
2022,14,12,5,3,True
2023,1,1,6,3,True
2023,1,2,1,8,True
2023,1,3,6,1,True
2023,1,4,2,6,True
2023,1,5,4,10,True
2023,1,6,2,4,True
2023,1,7,5,12,True
2023,1,8,1,2,True
2023,1,9,3,11,True
2023,1,10,4,5,True
2023,1,11,3,9,True
2023,1,12,5,7,True
2023,2,1,6,7,True
2023,2,2,1,6,True
2023,2,3,5,12,True
2023,2,4,2,8,True
2023,2,5,4,11,True
2023,2,6,1,2,True
2023,2,7,6,1,True
2023,2,8,2,4,True
2023,2,9,3,10,True
2023,2,10,3,9,True
2023,2,11,4,5,True
2023,2,12,5,3,True
2023,3,1,5,12,True
2023,3,2,1,4,True
2023,3,3,6,7,True
2023,3,4,1,2,True
2023,3,5,3,9,True
2023,3,6,2,8,True
2023,3,7,6,3,True
2023,3,8,2,6,True
2023,3,9,3,5,True
2023,3,10,4,11,True
2023,3,11,4,10,True
2023,3,12,5,1,True
2023,4,1,6,5,True
2023,4,2,1,9,True
2023,4,3,5,10,True
2023,4,4,4,7,True
2023,4,5,6,1,True
2023,4,6,3,12,True
2023,4,7,4,4,True
2023,4,8,2,11,True
2023,4,9,1,2,True
2023,4,10,5,3,True
2023,4,11,2,8,True
2023,4,12,3,6,True
2023,5,1,5,10,True
2023,5,2,1,11,True
2023,5,3,6,5,True
2023,5,4,4,12,True
2023,5,5,6,3,True
2023,5,6,3,7,True
2023,5,7,3,6,True
2023,5,8,2,9,True
2023,5,9,2,8,True
2023,5,10,5,1,True
2023,5,11,1,2,True
2023,5,12,4,4,True
2023,6,1,4,4,True
2023,6,2,1,10,True
2023,6,3,3,6,True
2023,6,4,4,1,True
2023,6,5,2,8,True
2023,6,6,3,3,True
2023,6,7,6,11,True
2023,6,8,2,5,True
2023,6,9,5,12,True
2023,6,10,1,2,True
2023,6,11,6,7,True
2023,6,12,5,9,True
2023,7,1,3,6,True
2023,7,2,1,5,True
2023,7,3,4,4,True
2023,7,4,4,3,True
2023,7,5,1,2,True
2023,7,6,3,1,True
2023,7,7,5,9,True
2023,7,8,2,10,True
2023,7,9,5,7,True
2023,7,10,2,8,True
2023,7,11,6,12,True
2023,7,12,6,11,True
2023,8,1,6,11,True
2023,8,2,1,12,True
2023,8,3,5,9,True
2023,8,4,4,5,True
2023,8,5,4,4,True
2023,8,6,3,10,True
2023,8,7,2,8,True
2023,8,8,2,7,True
2023,8,9,5,3,True
2023,8,10,3,6,True
2023,8,11,6,1,True
2023,8,12,1,2,True
2023,9,1,5,9,True
2023,9,2,1,7,True
2023,9,3,6,11,True
2023,9,4,4,10,True
2023,9,5,3,6,True
2023,9,6,3,5,True
2023,9,7,1,2,True
2023,9,8,2,12,True
2023,9,9,5,1,True
2023,9,10,4,4,True
2023,9,11,6,3,True
2023,9,12,2,8,True
2023,10,1,2,8,True
2023,10,2,1,3,True
2023,10,3,1,2,True
2023,10,4,4,11,True
2023,10,5,6,7,True
2023,10,6,3,9,True
2023,10,7,6,5,True
2023,10,8,2,1,True
2023,10,9,3,6,True
2023,10,10,5,12,True
2023,10,11,4,4,True
2023,10,12,5,10,True
2023,11,1,1,2,True
2023,11,2,1,1,True
2023,11,3,2,8,True
2023,11,4,4,9,True
2023,11,5,6,12,True
2023,11,6,3,11,True
2023,11,7,5,10,True
2023,11,8,2,3,True
2023,11,9,4,4,True
2023,11,10,5,7,True
2023,11,11,3,6,True
2023,11,12,6,5,True
2023,12,1,6,3,True
2023,12,2,1,8,True
2023,12,3,6,1,True
2023,12,4,2,6,True
2023,12,5,4,10,True
2023,12,6,2,4,True
2023,12,7,5,12,True
2023,12,8,1,2,True
2023,12,9,3,11,True
2023,12,10,4,5,True
2023,12,11,3,9,True
2023,12,12,5,7,True
2023,13,1,6,7,True
2023,13,2,1,6,True
2023,13,3,5,12,True
2023,13,4,2,8,True
2023,13,5,4,11,True
2023,13,6,1,2,True
2023,13,7,6,1,True
2023,13,8,2,4,True
2023,13,9,3,10,True
2023,13,10,3,9,True
2023,13,11,4,5,True
2023,13,12,5,3,True
2023,14,1,5,12,True
2023,14,2,1,3,True
2023,14,3,1,2,True
2023,14,4,6,6,True
2023,14,5,3,7,True
2023,14,6,6,4,True
2023,14,7,3,5,True
2023,14,8,4,10,True
2023,14,9,2,11,True
2023,14,10,4,8,True
2023,14,11,2,9,True
2023,14,12,5,1,True
2024,1,1,1,11,True
2024,1,2,4,6,True
2024,1,3,3,4,True
2024,1,4,3,3,True
2024,1,5,6,10,True
2024,1,6,4,2,True
2024,1,7,2,8,True
2024,1,8,2,7,True
2024,1,9,5,12,True
2024,1,10,6,5,True
2024,1,11,1,1,True
2024,1,12,5,9,True
2024,2,1,1,10,True
2024,2,2,6,4,True
2024,2,3,4,8,True
2024,2,4,6,2,True
2024,2,5,5,11,True
2024,2,6,3,9,True
2024,2,7,2,12,True
2024,2,8,4,3,True
2024,2,9,3,6,True
2024,2,10,1,1,True
2024,2,11,5,5,True
2024,2,12,2,7,True
2024,3,1,2,12,True
2024,3,2,5,10,True
2024,3,3,4,6,True
2024,3,4,6,5,True
2024,3,5,6,4,True
2024,3,6,4,3,True
2024,3,7,1,11,True
2024,3,8,3,9,True
2024,3,9,3,8,True
2024,3,10,5,2,True
2024,3,11,1,7,True
2024,3,12,2,1,True
2024,4,1,3,10,True
2024,4,2,6,8,True
2024,4,3,2,12,True
2024,4,4,4,7,True
2024,4,5,5,6,True
2024,4,6,5,5,True
2024,4,7,4,4,True
2024,4,8,6,2,True
2024,4,9,1,11,True
2024,4,10,3,1,True
2024,4,11,1,9,True
2024,4,12,2,3,True
2024,5,1,3,4,True
2024,5,2,5,6,True
2024,5,3,1,11,True
2024,5,4,3,1,True
2024,5,5,6,8,True
2024,5,6,5,2,True
2024,5,7,4,10,True
2024,5,8,6,5,True
2024,5,9,2,12,True
2024,5,10,4,7,True
2024,5,11,1,3,True
2024,5,12,2,9,True
2024,6,1,3,5,True
2024,6,2,4,7,True
2024,6,3,6,4,True
2024,6,4,6,3,True
2024,6,5,3,1,True
2024,6,6,1,11,True
2024,6,7,4,2,True
2024,6,8,2,12,True
2024,6,9,5,10,True
2024,6,10,5,9,True
2024,6,11,1,6,True
2024,6,12,2,8,True
2024,7,1,3,2,True
2024,7,2,3,1,True
2024,7,3,6,10,True
2024,7,4,5,9,True
2024,7,5,4,7,True
2024,7,6,2,12,True
2024,7,7,4,5,True
2024,7,8,1,11,True
2024,7,9,5,4,True
2024,7,10,6,3,True
2024,7,11,1,8,True
2024,7,12,2,6,True
2024,8,1,3,6,True
2024,8,2,6,3,True
2024,8,3,6,2,True
2024,8,4,2,12,True
2024,8,5,5,9,True
2024,8,6,3,1,True
2024,8,7,4,8,True
2024,8,8,4,7,True
2024,8,9,5,5,True
2024,8,10,1,11,True
2024,8,11,1,10,True
2024,8,12,2,4,True
2024,9,1,3,8,True
2024,9,2,5,9,True
2024,9,3,6,5,True
2024,9,4,1,11,True
2024,9,5,6,3,True
2024,9,6,4,7,True
2024,9,7,4,6,True
2024,9,8,3,1,True
2024,9,9,5,2,True
2024,9,10,2,12,True
2024,9,11,1,4,True
2024,9,12,2,10,True
2024,10,1,3,9,True
2024,10,2,2,12,True
2024,10,3,4,7,True
2024,10,4,6,8,True
2024,10,5,1,11,True
2024,10,6,5,10,True
2024,10,7,4,3,True
2024,10,8,6,4,True
2024,10,9,3,1,True
2024,10,10,5,6,True
2024,10,11,1,5,True
2024,10,12,2,2,True
2024,11,1,3,3,True
2024,11,2,1,11,True
2024,11,3,3,1,True
2024,11,4,5,6,True
2024,11,5,2,12,True
2024,11,6,5,4,True
2024,11,7,4,9,True
2024,11,8,6,10,True
2024,11,9,4,7,True
2024,11,10,6,8,True
2024,11,11,1,2,True
2024,11,12,2,5,True
2024,12,1,2,7,True
2024,12,2,6,5,True
2024,12,3,3,9,True
2024,12,4,5,10,True
2024,12,5,6,2,True
2024,12,6,4,8,True
2024,12,7,2,1,True
2024,12,8,4,6,True
2024,12,9,3,3,True
2024,12,10,5,4,True
2024,12,11,1,12,True
2024,12,12,1,11,True
2024,13,1,1,11,True
2024,13,2,6,4,True
2024,13,3,4,8,True
2024,13,4,6,2,True
2024,13,5,5,10,True
2024,13,6,3,9,True
2024,13,7,2,12,True
2024,13,8,4,3,True
2024,13,9,3,6,True
2024,13,10,5,5,True
2024,13,11,1,1,True
2024,13,12,2,7,True
2024,14,1,2,5,True
2024,14,2,5,12,True
2024,14,3,4,9,True
2024,14,4,1,7,True
2024,14,5,2,1,True
2024,14,6,6,10,True
2024,14,7,1,4,True
2024,14,8,3,11,True
2024,14,9,4,3,True
2024,14,10,6,6,True
2024,14,11,3,8,True
2024,14,12,5,2,True
2025,1,1,5,8,True
2025,1,2,1,10,True
2025,1,3,4,5,True
2025,1,4,6,7,True
2025,1,5,4,3,True
2025,1,6,2,12,True
2025,1,7,6,4,True
2025,1,8,5,1,True
2025,1,9,3,11,True
2025,1,10,1,2,True
2025,1,11,3,9,True
2025,1,12,2,6,True
2025,2,1,6,7,True
2025,2,2,2,6,True
2025,2,3,4,11,True
2025,2,4,5,8,True
2025,2,5,3,9,True
2025,2,6,2,2,True
2025,2,7,6,1,True
2025,2,8,5,4,True
2025,2,9,3,5,True
2025,2,10,1,12,True
2025,2,11,4,3,True
2025,2,12,1,10,True
2025,3,1,6,4,True
2025,3,2,2,12,True
2025,3,3,3,9,True
2025,3,4,6,1,True
2025,3,5,4,11,True
2025,3,6,1,10,True
2025,3,7,5,8,True
2025,3,8,5,7,True
2025,3,9,3,3,True
2025,3,10,1,6,True
2025,3,11,4,5,True
2025,3,12,2,2,True
2025,4,1,4,6,True
2025,4,2,2,11,True
2025,4,3,6,7,True
2025,4,4,5,5,True
2025,4,5,5,4,True
2025,4,6,4,1,True
2025,4,7,6,3,True
2025,4,8,3,12,True
2025,4,9,1,10,True
2025,4,10,1,9,True
2025,4,11,2,2,True
2025,4,12,3,8,True
2025,5,1,3,12,True
2025,5,2,2,9,True
2025,5,3,6,4,True
2025,5,4,6,3,True
2025,5,5,5,7,True
2025,5,6,4,8,True
2025,5,7,5,5,True
2025,5,8,4,6,True
2025,5,9,2,2,True
2025,5,10,1,11,True
2025,5,11,1,10,True
2025,5,12,3,1,True
2025,6,1,6,11,True
2025,6,2,2,3,True
2025,6,3,2,2,True
2025,6,4,3,12,True
2025,6,5,1,10,True
2025,6,6,4,7,True
2025,6,7,4,6,True
2025,6,8,5,9,True
2025,6,9,5,8,True
2025,6,10,1,5,True
2025,6,11,6,1,True
2025,6,12,3,4,True
2025,7,1,5,9,True
2025,7,2,2,5,True
2025,7,3,1,10,True
2025,7,4,4,6,True
2025,7,5,2,2,True
2025,7,6,4,4,True
2025,7,7,3,12,True
2025,7,8,6,11,True
2025,7,9,5,1,True
2025,7,10,1,3,True
2025,7,11,6,8,True
2025,7,12,3,7,True
2025,8,1,2,2,True
2025,8,2,2,1,True
2025,8,3,4,6,True
2025,8,4,5,9,True
2025,8,5,3,12,True
2025,8,6,4,3,True
2025,8,7,6,11,True
2025,8,8,1,10,True
2025,8,9,5,4,True
2025,8,10,1,8,True
2025,8,11,6,7,True
2025,8,12,3,5,True
2025,9,1,1,10,True
2025,9,2,2,8,True
2025,9,3,3,12,True
2025,9,4,6,11,True
2025,9,5,4,6,True
2025,9,6,4,5,True
2025,9,7,5,9,True
2025,9,8,2,2,True
2025,9,9,5,7,True
2025,9,10,1,1,True
2025,9,11,6,4,True
2025,9,12,3,3,True
2025,10,1,6,3,True
2025,10,2,2,7,True
2025,10,3,6,1,True
2025,10,4,1,10,True
2025,10,5,5,8,True
2025,10,6,4,11,True
2025,10,7,2,2,True
2025,10,8,5,5,True
2025,10,9,3,12,True
2025,10,10,1,4,True
2025,10,11,4,6,True
2025,10,12,3,9,True
2025,11,1,5,5,True
2025,11,2,2,4,True
2025,11,3,6,8,True
2025,11,4,2,2,True
2025,11,5,5,1,True
2025,11,6,4,9,True
2025,11,7,1,10,True
2025,11,8,6,3,True
2025,11,9,4,6,True
2025,11,10,1,7,True
2025,11,11,3,12,True
2025,11,12,3,11,True
2025,12,1,5,8,True
2025,12,2,1,10,True
2025,12,3,4,5,True
2025,12,4,6,7,True
2025,12,5,4,3,True
2025,12,6,2,12,True
2025,12,7,6,4,True
2025,12,8,5,1,True
2025,12,9,3,11,True
2025,12,10,1,2,True
2025,12,11,3,9,True
2025,12,12,2,6,True
2025,13,1,6,7,True
2025,13,2,2,6,True
2025,13,3,4,11,True
2025,13,4,5,8,True
2025,13,5,3,9,True
2025,13,6,2,2,True
2025,13,7,6,1,True
2025,13,8,5,4,True
2025,13,9,3,5,True
2025,13,10,1,12,True
2025,13,11,4,3,True
2025,13,12,1,10,True
2025,14,1,1,6,True
2025,14,2,2,9,True
2025,14,3,3,4,True
2025,14,4,3,3,True
2025,14,5,6,12,True
2025,14,6,1,1,True
2025,14,7,4,11,True
2025,14,8,5,10,True
2025,14,9,2,2,True
2025,14,10,5,8,True
2025,14,11,4,7,True
2025,14,12,6,5,True
2026,1,1,6,11,True
2026,1,2,4,12,True
2026,1,3,1,5,True
2026,1,4,5,9,True
2026,1,5,1,3,True
2026,1,6,2,8,True
2026,1,7,3,10,True
2026,1,8,2,6,True
2026,1,9,5,4,True
2026,1,10,3,7,True
2026,1,11,6,1,True
2026,1,12,4,2,True
2026,2,1,5,12,True
2026,2,2,3,6,True
2026,2,3,1,8,True
2026,2,4,6,11,True
2026,2,5,2,10,True
2026,2,6,3,2,True
2026,2,7,4,9,True
2026,2,8,1,3,True
2026,2,9,4,7,True
2026,2,10,2,5,True
2026,2,11,6,4,True
2026,2,12,5,1,True
2026,3,1,4,6,True
2026,3,2,2,8,True
2026,3,3,1,10,True
2026,3,4,6,12,True
2026,3,5,3,9,True
2026,3,6,4,1,True
2026,3,7,5,11,True
2026,3,8,2,2,True
2026,3,9,3,5,True
2026,3,10,1,3,True
2026,3,11,5,7,True
2026,3,12,6,4,True
2026,4,1,3,8,True
2026,4,2,1,3,True
2026,4,3,1,2,True
2026,4,4,5,6,True
2026,4,5,4,11,True
2026,4,6,5,4,True
2026,4,7,6,12,True
2026,4,8,3,1,True
2026,4,9,2,10,True
2026,4,10,2,9,True
2026,4,11,4,5,True
2026,4,12,6,7,True
2026,5,1,2,2,False
2026,5,2,2,1,False
2026,5,3,1,9,False
2026,5,4,4,8,False
2026,5,5,5,12,False
2026,5,6,6,7,False
2026,5,7,6,6,False
2026,5,8,4,4,False
2026,5,9,1,3,False
2026,5,10,3,11,False
2026,5,11,3,10,False
2026,5,12,5,5,False
2026,6,1,1,3,False
2026,6,2,3,4,False
2026,6,3,1,1,False
2026,6,4,3,2,False
2026,6,5,6,6,False
2026,6,6,6,5,False
2026,6,7,5,8,False
2026,6,8,5,7,False
2026,6,9,2,11,False
2026,6,10,4,12,False
2026,6,11,2,9,False
2026,6,12,4,10,False
2026,7,1,2,4,False
2026,7,2,4,7,False
2026,7,3,1,11,False
2026,7,4,2,1,False
2026,7,5,6,8,False
2026,7,6,5,10,False
2026,7,7,4,2,False
2026,7,8,6,5,False
2026,7,9,3,12,False
2026,7,10,5,6,False
2026,7,11,1,3,False
2026,7,12,3,9,False
2026,8,1,3,7,False
2026,8,2,5,5,False
2026,8,3,1,4,False
2026,8,4,1,3,False
2026,8,5,5,2,False
2026,8,6,4,9,False
2026,8,7,3,1,False
2026,8,8,6,10,False
2026,8,9,4,6,False
2026,8,10,6,8,False
2026,8,11,2,12,False
2026,8,12,2,11,False
2026,9,1,4,5,False
2026,9,2,6,10,False
2026,9,3,1,12,False
2026,9,4,2,7,False
2026,9,5,4,1,False
2026,9,6,3,11,False
2026,9,7,2,4,False
2026,9,8,5,9,False
2026,9,9,5,8,False
2026,9,10,6,2,False
2026,9,11,3,6,False
2026,9,12,1,3,False
2026,10,1,5,10,False
2026,10,2,6,9,False
2026,10,3,1,7,False
2026,10,4,3,5,False
2026,10,5,3,4,False
2026,10,6,2,12,False
2026,10,7,1,3,False
2026,10,8,4,11,False
2026,10,9,6,2,False
2026,10,10,5,1,False
2026,10,11,4,8,False
2026,10,12,2,6,False
2026,11,1,6,9,False
2026,11,2,5,11,False
2026,11,3,1,6,False
2026,11,4,4,10,False
2026,11,5,2,7,False
2026,11,6,1,3,False
2026,11,7,2,5,False
2026,11,8,3,12,False
2026,11,9,6,1,False
2026,11,10,4,4,False
2026,11,11,5,2,False
2026,11,12,3,8,False
2026,12,1,6,11,False
2026,12,2,4,12,False
2026,12,3,1,5,False
2026,12,4,5,9,False
2026,12,5,1,3,False
2026,12,6,2,8,False
2026,12,7,3,10,False
2026,12,8,2,6,False
2026,12,9,5,4,False
2026,12,10,3,7,False
2026,12,11,6,1,False
2026,12,12,4,2,False
2026,13,1,5,12,False
2026,13,2,3,6,False
2026,13,3,1,8,False
2026,13,4,6,11,False
2026,13,5,2,10,False
2026,13,6,3,2,False
2026,13,7,4,9,False
2026,13,8,1,3,False
2026,13,9,4,7,False
2026,13,10,2,5,False
2026,13,11,6,4,False
2026,13,12,5,1,False
2026,14,1,4,6,False
2026,14,2,2,8,False
2026,14,3,1,10,False
2026,14,4,6,12,False
2026,14,5,3,9,False
2026,14,6,4,1,False
2026,14,7,5,11,False
2026,14,8,2,2,False
2026,14,9,3,5,False
2026,14,10,1,3,False
2026,14,11,5,7,False
2026,14,12,6,4,False
