season,week,roster_id,matchup_id,points,opponent_roster_id,opponent_points,margin,result,median_result,is_playoff
2020,1,1,4,153.62,5,130.06,23.56,W,W,False
2020,1,2,1,132.54,4,108.06,24.48,W,W,False
2020,1,3,5,116.62,11,158.72,-42.1,L,L,False
2020,1,4,1,108.06,2,132.54,-24.48,L,L,False
2020,1,5,4,130.06,1,153.62,-23.56,L,L,False
2020,1,6,2,150.42,9,144.08,6.34,W,W,False
2020,1,7,6,127.68,12,105.88,21.8,W,L,False
2020,1,8,3,102.56,10,146.16,-43.6,L,L,False
2020,1,9,2,144.08,6,150.42,-6.34,L,W,False
2020,1,10,3,146.16,8,102.56,43.6,W,W,False
2020,1,11,5,158.72,3,116.62,42.1,W,W,False
2020,1,12,6,105.88,7,127.68,-21.8,L,L,False
2020,2,1,4,148.74,10,134.62,14.12,W,W,False
2020,2,2,2,159.1,9,143.78,15.32,W,W,False
2020,2,3,6,127.7,7,138.38,-10.68,L,L,False
2020,2,4,1,122.86,6,75.42,47.44,W,L,False
2020,2,5,3,139.12,8,140.36,-1.24,L,W,False
2020,2,6,1,75.42,4,122.86,-47.44,L,L,False
2020,2,7,6,138.38,3,127.7,10.68,W,L,False
2020,2,8,3,140.36,5,139.12,1.24,W,W,False
2020,2,9,2,143.78,2,159.1,-15.32,L,W,False
2020,2,10,4,134.62,1,148.74,-14.12,L,L,False
2020,2,11,5,151.52,12,107.94,43.58,W,W,False
2020,2,12,5,107.94,11,151.52,-43.58,L,L,False
2020,3,1,3,121.58,8,136.0,-14.42,L,L,False
2020,3,2,2,150.72,6,118.36,32.36,W,W,False
2020,3,3,6,129.72,12,119.12,10.6,W,L,False
2020,3,4,1,133.78,9,140.4,-6.62,L,W,False
2020,3,5,4,118.6,10,133.58,-14.98,L,L,False
2020,3,6,2,118.36,2,150.72,-32.36,L,L,False
2020,3,7,5,195.88,11,108.28,87.6,W,W,False
2020,3,8,3,136.0,1,121.58,14.42,W,W,False
2020,3,9,1,140.4,4,133.78,6.62,W,W,False
2020,3,10,4,133.58,5,118.6,14.98,W,W,False
2020,3,11,5,108.28,7,195.88,-87.6,L,L,False
2020,3,12,6,119.12,3,129.72,-10.6,L,L,False
2020,4,1,6,101.4,7,142.32,-40.92,L,L,False
2020,4,2,2,114.08,10,148.18,-34.1,L,L,False
2020,4,3,4,120.1,9,127.2,-7.1,L,L,False
2020,4,4,1,169.28,8,146.78,22.5,W,W,False
2020,4,5,5,120.72,12,112.56,8.16,W,L,False
2020,4,6,3,143.78,11,113.2,30.58,W,W,False
2020,4,7,6,142.32,1,101.4,40.92,W,W,False
2020,4,8,1,146.78,4,169.28,-22.5,L,W,False
2020,4,9,4,127.2,3,120.1,7.1,W,W,False
2020,4,10,2,148.18,2,114.08,34.1,W,W,False
2020,4,11,3,113.2,6,143.78,-30.58,L,L,False
2020,4,12,5,112.56,5,120.72,-8.16,L,L,False
2020,5,1,6,120.4,12,110.4,10.0,W,L,False
2020,5,2,2,116.4,8,119.32,-2.92,L,L,False
2020,5,3,3,143.66,6,143.18,0.48,W,W,False
2020,5,4,1,121.82,10,158.62,-36.8,L,W,False
2020,5,5,5,106.38,7,145.38,-39.0,L,L,False
2020,5,6,3,143.18,3,143.66,-0.48,L,W,False
2020,5,7,5,145.38,5,106.38,39.0,W,W,False
2020,5,8,2,119.32,2,116.4,2.92,W,L,False
2020,5,9,4,101.66,11,123.7,-22.04,L,L,False
2020,5,10,1,158.62,4,121.82,36.8,W,W,False
2020,5,11,4,123.7,9,101.66,22.04,W,W,False
2020,5,12,6,110.4,1,120.4,-10.0,L,L,False
2020,6,1,2,129.94,2,109.76,20.18,W,W,False
2020,6,2,2,109.76,1,129.94,-20.18,L,L,False
2020,6,3,6,150.52,10,113.36,37.16,W,W,False
2020,6,4,1,87.46,5,160.74,-73.28,L,L,False
2020,6,5,1,160.74,4,87.46,73.28,W,W,False
2020,6,6,3,79.02,12,74.26,4.76,W,L,False
2020,6,7,4,152.66,9,100.28,52.38,W,W,False
2020,6,8,5,139.24,11,111.64,27.6,W,W,False
2020,6,9,4,100.28,7,152.66,-52.38,L,L,False
2020,6,10,6,113.36,3,150.52,-37.16,L,W,False
2020,6,11,5,111.64,8,139.24,-27.6,L,L,False
2020,6,12,3,74.26,6,79.02,-4.76,L,L,False
2020,7,1,1,197.96,4,130.36,67.6,W,W,False
2020,7,2,2,149.56,5,81.7,67.86,W,W,False
2020,7,3,5,132.72,8,115.56,17.16,W,W,False
2020,7,4,1,130.36,1,197.96,-67.6,L,W,False
2020,7,5,2,81.7,2,149.56,-67.86,L,L,False
2020,7,6,3,121.66,7,164.26,-42.6,L,L,False
2020,7,7,3,164.26,6,121.66,42.6,W,W,False
2020,7,8,5,115.56,3,132.72,-17.16,L,L,False
2020,7,9,4,127.28,12,70.16,57.12,W,W,False
2020,7,10,6,124.46,11,105.92,18.54,W,L,False
2020,7,11,6,105.92,10,124.46,-18.54,L,L,False
2020,7,12,4,70.16,9,127.28,-57.12,L,L,False
2020,8,1,4,145.06,9,125.98,19.08,W,W,False
2020,8,2,2,83.2,3,109.2,-26.0,L,L,False
2020,8,3,2,109.2,2,83.2,26.0,W,L,False
2020,8,4,1,136.0,11,81.44,54.56,W,W,False
2020,8,5,3,80.3,6,68.12,12.18,W,L,False
2020,8,6,3,68.12,5,80.3,-12.18,L,L,False
2020,8,7,6,129.76,10,159.08,-29.32,L,W,False
2020,8,8,5,135.88,12,78.74,57.14,W,W,False
2020,8,9,4,125.98,1,145.06,-19.08,L,W,False
2020,8,10,6,159.08,7,129.76,29.32,W,W,False
2020,8,11,1,81.44,4,136.0,-54.56,L,L,False
2020,8,12,5,78.74,8,135.88,-57.14,L,L,False
2020,9,1,3,142.56,6,124.72,17.84,W,W,False
2020,9,2,2,113.58,11,112.7,0.88,W,W,False
2020,9,3,1,93.56,4,154.14,-60.58,L,L,False
2020,9,4,1,154.14,3,93.56,60.58,W,W,False
2020,9,5,4,111.14,9,135.98,-24.84,L,L,False
2020,9,6,3,124.72,1,142.56,-17.84,L,W,False
2020,9,7,5,106.7,8,137.38,-30.68,L,L,False
2020,9,8,5,137.38,7,106.7,30.68,W,W,False
2020,9,9,4,135.98,5,111.14,24.84,W,W,False
2020,9,10,6,104.68,12,73.72,30.96,W,L,False
2020,9,11,2,112.7,2,113.58,-0.88,L,L,False
2020,9,12,6,73.72,10,104.68,-30.96,L,L,False
2020,10,1,6,113.9,3,109.4,4.5,W,W,False
2020,10,2,2,132.22,7,120.58,11.64,W,W,False
2020,10,3,6,109.4,1,113.9,-4.5,L,L,False
2020,10,4,1,88.96,12,70.68,18.28,W,L,False
2020,10,5,5,122.2,11,107.02,15.18,W,W,False
2020,10,6,3,106.1,8,80.7,25.4,W,L,False
2020,10,7,2,120.58,2,132.22,-11.64,L,W,False
2020,10,8,3,80.7,6,106.1,-25.4,L,L,False
2020,10,9,4,120.28,10,116.54,3.74,W,W,False
2020,10,10,4,116.54,9,120.28,-3.74,L,W,False
2020,10,11,5,107.02,5,122.2,-15.18,L,L,False
2020,10,12,1,70.68,4,88.96,-18.28,L,L,False
2020,11,1,6,132.76,11,155.92,-23.16,L,W,False
2020,11,2,2,162.22,12,46.82,115.4,W,W,False
2020,11,3,5,141.34,5,148.76,-7.42,L,W,False
2020,11,4,1,134.26,7,131.78,2.48,W,W,False
2020,11,5,5,148.76,3,141.34,7.42,W,W,False
2020,11,6,3,79.12,10,97.46,-18.34,L,L,False
2020,11,7,1,131.78,4,134.26,-2.48,L,L,False
2020,11,8,4,126.62,9,113.42,13.2,W,L,False
2020,11,9,4,113.42,8,126.62,-13.2,L,L,False
2020,11,10,3,97.46,6,79.12,18.34,W,L,False
2020,11,11,6,155.92,1,132.76,23.16,W,W,False
2020,11,12,2,46.82,2,162.22,-115.4,L,L,False
2020,12,1,4,141.52,5,149.14,-7.62,L,W,False
2020,12,2,1,127.28,4,152.86,-25.58,L,W,False
2020,12,3,5,125.68,11,143.1,-17.42,L,L,False
2020,12,4,1,152.86,2,127.28,25.58,W,W,False
2020,12,5,4,149.14,1,141.52,7.62,W,W,False
2020,12,6,2,113.5,9,78.66,34.84,W,L,False
2020,12,7,6,111.18,12,117.1,-5.92,L,L,False
2020,12,8,3,113.3,10,156.72,-43.42,L,L,False
2020,12,9,2,78.66,6,113.5,-34.84,L,L,False
2020,12,10,3,156.72,8,113.3,43.42,W,W,False
2020,12,11,5,143.1,3,125.68,17.42,W,W,False
2020,12,12,6,117.1,7,111.18,5.92,W,L,False
2020,13,1,1,145.18,4,84.94,60.24,W,W,False
2020,13,2,2,163.76,10,115.72,48.04,W,W,False
2020,13,3,5,92.16,11,135.24,-43.08,L,L,False
2020,13,4,1,84.94,1,145.18,-60.24,L,L,False
2020,13,5,3,142.7,8,120.68,22.02,W,W,False
2020,13,6,6,117.68,12,122.92,-5.24,L,L,False
2020,13,7,4,122.9,9,94.52,28.38,W,W,False
2020,13,8,3,120.68,5,142.7,-22.02,L,L,False
2020,13,9,4,94.52,7,122.9,-28.38,L,L,False
2020,13,10,2,115.72,2,163.76,-48.04,L,L,False
2020,13,11,5,135.24,3,92.16,43.08,W,W,False
2020,13,12,6,122.92,6,117.68,5.24,W,W,False
2020,14,1,,56.9,,,,,,True
2020,14,2,,50.52,,,,,,True
2020,14,3,5,54.6,5,152.56,-97.96,L,,True
2020,14,4,1,111.56,7,172.76,-61.2,L,,True
2020,14,5,5,152.56,3,54.6,97.96,W,,True
2020,14,6,,99.82,,,,,,True
2020,14,7,1,172.76,4,111.56,61.2,W,,True
2020,14,8,2,120.64,10,119.18,1.46,W,,True
2020,14,9,4,133.42,11,77.56,55.86,W,,True
2020,14,10,2,119.18,8,120.64,-1.46,L,,True
2020,14,11,4,77.56,9,133.42,-55.86,L,,True
2020,14,12,,127.32,,,,,,True
2020,15,1,1,99.28,7,161.36,-62.08,L,,True
2020,15,2,2,163.02,8,176.08,-13.06,L,,True
2020,15,3,5,67.4,6,50.96,16.44,W,,True
2020,15,4,3,113.86,10,117.16,-3.3,L,,True
2020,15,5,6,137.44,9,90.88,46.56,W,,True
2020,15,6,5,50.96,3,67.4,-16.44,L,,True
2020,15,7,1,161.36,1,99.28,62.08,W,,True
2020,15,8,2,176.08,2,163.02,13.06,W,,True
2020,15,9,6,90.88,5,137.44,-46.56,L,,True
2020,15,10,3,117.16,4,113.86,3.3,W,,True
2020,15,11,4,100.76,12,86.26,14.5,W,,True
2020,15,12,4,86.26,11,100.76,-14.5,L,,True
2020,16,1,2,111.94,2,176.98,-65.04,L,,True
2020,16,2,2,176.98,1,111.94,65.04,W,,True
2020,16,3,5,48.94,11,172.2,-123.26,L,,True
2020,16,4,,63.82,,,,,,True
2020,16,5,,131.64,,,,,,True
2020,16,6,4,80.96,12,52.28,28.68,W,,True
2020,16,7,1,159.92,8,147.1,12.82,W,,True
2020,16,8,1,147.1,7,159.92,-12.82,L,,True
2020,16,9,,151.82,,,,,,True
2020,16,10,,128.26,,,,,,True
2020,16,11,5,172.2,3,48.94,123.26,W,,True
2020,16,12,4,52.28,6,80.96,-28.68,L,,True
2021,1,1,6,140.08,10,135.86,4.22,W,W,False
2021,1,2,1,177.12,6,94.94,82.18,W,W,False
2021,1,3,4,171.9,11,132.32,39.58,W,W,False
2021,1,4,2,95.54,9,130.54,-35.0,L,L,False
2021,1,5,3,120.1,12,137.34,-17.24,L,L,False
2021,1,6,1,94.94,2,177.12,-82.18,L,L,False
2021,1,7,5,145.34,8,135.02,10.32,W,W,False
2021,1,8,5,135.02,7,145.34,-10.32,L,L,False
2021,1,9,2,130.54,4,95.54,35.0,W,L,False
2021,1,10,6,135.86,1,140.08,-4.22,L,W,False
2021,1,11,4,132.32,3,171.9,-39.58,L,L,False
2021,1,12,3,137.34,5,120.1,17.24,W,W,False
2021,2,1,5,114.94,7,123.18,-8.24,L,L,False
2021,2,2,1,201.74,9,134.4,67.34,W,W,False
2021,2,3,4,91.02,5,166.54,-75.52,L,L,False
2021,2,4,2,102.56,6,104.04,-1.48,L,L,False
2021,2,5,4,166.54,3,91.02,75.52,W,W,False
2021,2,6,2,104.04,4,102.56,1.48,W,L,False
2021,2,7,5,123.18,1,114.94,8.24,W,L,False
2021,2,8,6,96.84,10,134.48,-37.64,L,L,False
2021,2,9,1,134.4,2,201.74,-67.34,L,W,False
2021,2,10,6,134.48,8,96.84,37.64,W,W,False
2021,2,11,3,136.3,12,136.22,0.08,W,W,False
2021,2,12,3,136.22,11,136.3,-0.08,L,W,False
2021,3,1,6,105.38,8,153.16,-47.78,L,L,False
2021,3,2,1,151.02,4,131.68,19.34,W,W,False
2021,3,3,3,114.3,12,127.78,-13.48,L,L,False
2021,3,4,1,131.68,2,151.02,-19.34,L,W,False
2021,3,5,4,101.86,11,128.56,-26.7,L,L,False
2021,3,6,2,123.44,9,111.36,12.08,W,W,False
2021,3,7,5,109.86,10,112.34,-2.48,L,L,False
2021,3,8,6,153.16,1,105.38,47.78,W,W,False
2021,3,9,2,111.36,6,123.44,-12.08,L,L,False
2021,3,10,5,112.34,7,109.86,2.48,W,L,False
2021,3,11,4,128.56,5,101.86,26.7,W,W,False
2021,3,12,3,127.78,3,114.3,13.48,W,W,False
2021,4,1,5,97.66,11,134.04,-36.38,L,L,False
2021,4,2,1,141.38,12,143.96,-2.58,L,W,False
2021,4,3,6,169.82,10,151.9,17.92,W,W,False
2021,4,4,4,99.52,8,118.44,-18.92,L,L,False
2021,4,5,2,135.06,6,166.04,-30.98,L,W,False
2021,4,6,2,166.04,5,135.06,30.98,W,W,False
2021,4,7,3,113.84,9,109.66,4.18,W,L,False
2021,4,8,4,118.44,4,99.52,18.92,W,L,False
2021,4,9,3,109.66,7,113.84,-4.18,L,L,False
2021,4,10,6,151.9,3,169.82,-17.92,L,W,False
2021,4,11,5,134.04,1,97.66,36.38,W,L,False
2021,4,12,1,143.96,2,141.38,2.58,W,W,False
2021,5,1,6,123.28,3,142.7,-19.42,L,L,False
2021,5,2,1,150.9,5,150.6,0.3,W,W,False
2021,5,3,6,142.7,1,123.28,19.42,W,W,False
2021,5,4,4,173.66,7,132.94,40.72,W,W,False
2021,5,5,1,150.6,2,150.9,-0.3,L,W,False
2021,5,6,2,159.98,12,137.24,22.74,W,W,False
2021,5,7,4,132.94,4,173.66,-40.72,L,L,False
2021,5,8,3,120.04,9,163.02,-42.98,L,L,False
2021,5,9,3,163.02,8,120.04,42.98,W,W,False
2021,5,10,5,131.9,11,93.94,37.96,W,L,False
2021,5,11,5,93.94,10,131.9,-37.96,L,L,False
2021,5,12,2,137.24,6,159.98,-22.74,L,L,False
2021,6,1,3,137.38,9,112.72,24.66,W,W,False
2021,6,2,1,148.14,11,131.06,17.08,W,W,False
2021,6,3,2,121.82,6,111.98,9.84,W,L,False
2021,6,4,4,124.12,10,119.96,4.16,W,L,False
2021,6,5,6,171.48,8,143.28,28.2,W,W,False
2021,6,6,2,111.98,3,121.82,-9.84,L,L,False
2021,6,7,5,124.9,12,114.4,10.5,W,W,False
2021,6,8,6,143.28,5,171.48,-28.2,L,W,False
2021,6,9,3,112.72,1,137.38,-24.66,L,L,False
2021,6,10,4,119.96,4,124.12,-4.16,L,L,False
2021,6,11,1,131.06,2,148.14,-17.08,L,W,False
2021,6,12,5,114.4,7,124.9,-10.5,L,L,False
2021,7,1,4,124.64,4,125.6,-0.96,L,L,False
2021,7,2,1,149.08,3,131.92,17.16,W,W,False
2021,7,3,1,131.92,2,149.08,-17.16,L,W,False
2021,7,4,4,125.6,1,124.64,0.96,W,L,False
2021,7,5,6,142.42,7,138.14,4.28,W,W,False
2021,7,6,2,115.72,11,112.16,3.56,W,L,False
2021,7,7,6,138.14,5,142.42,-4.28,L,W,False
2021,7,8,5,103.18,12,139.22,-36.04,L,L,False
2021,7,9,3,86.42,10,137.26,-50.84,L,L,False
2021,7,10,3,137.26,9,86.42,50.84,W,W,False
2021,7,11,2,112.16,6,115.72,-3.56,L,L,False
2021,7,12,5,139.22,8,103.18,36.04,W,W,False
2021,8,1,5,121.26,12,95.64,25.62,W,W,False
2021,8,2,1,142.46,7,140.48,1.98,W,W,False
2021,8,3,4,141.2,4,98.56,42.64,W,W,False
2021,8,4,4,98.56,3,141.2,-42.64,L,L,False
2021,8,5,6,111.32,10,135.58,-24.26,L,L,False
2021,8,6,2,90.8,8,122.84,-32.04,L,L,False
2021,8,7,1,140.48,2,142.46,-1.98,L,W,False
2021,8,8,2,122.84,6,90.8,32.04,W,W,False
2021,8,9,3,106.2,11,89.24,16.96,W,L,False
2021,8,10,6,135.58,5,111.32,24.26,W,W,False
2021,8,11,3,89.24,9,106.2,-16.96,L,L,False
2021,8,12,5,95.64,1,121.26,-25.62,L,L,False
2021,9,1,6,118.28,5,95.84,22.44,W,W,False
2021,9,2,1,116.78,8,114.3,2.48,W,W,False
2021,9,3,3,96.52,9,113.26,-16.74,L,L,False
2021,9,4,4,76.94,11,131.1,-54.16,L,L,False
2021,9,5,6,95.84,1,118.28,-22.44,L,L,False
2021,9,6,2,128.22,7,141.8,-13.58,L,W,False
2021,9,7,2,141.8,6,128.22,13.58,W,W,False
2021,9,8,1,114.3,2,116.78,-2.48,L,L,False
2021,9,9,3,113.26,3,96.52,16.74,W,L,False
2021,9,10,5,95.4,12,116.12,-20.72,L,L,False
2021,9,11,4,131.1,4,76.94,54.16,W,W,False
2021,9,12,5,116.12,10,95.4,20.72,W,W,False
2021,10,1,1,161.46,2,129.34,32.12,W,W,False
2021,10,2,1,129.34,1,161.46,-32.12,L,W,False
2021,10,3,6,113.16,8,126.56,-13.4,L,W,False
2021,10,4,4,124.88,5,89.44,35.44,W,W,False
2021,10,5,4,89.44,4,124.88,-35.44,L,L,False
2021,10,6,2,86.42,10,134.22,-47.8,L,L,False
2021,10,7,5,111.62,11,103.52,8.1,W,L,False
2021,10,8,6,126.56,3,113.16,13.4,W,W,False
2021,10,9,3,76.0,12,96.92,-20.92,L,L,False
2021,10,10,2,134.22,6,86.42,47.8,W,W,False
2021,10,11,5,103.52,7,111.62,-8.1,L,L,False
2021,10,12,3,96.92,9,76.0,20.92,W,L,False
2021,11,1,2,146.94,6,124.62,22.32,W,W,False
2021,11,2,1,140.66,10,141.96,-1.3,L,W,False
2021,11,3,6,111.36,7,164.04,-52.68,L,L,False
2021,11,4,4,105.9,12,153.26,-47.36,L,L,False
2021,11,5,3,101.12,9,107.98,-6.86,L,L,False
2021,11,6,2,124.62,1,146.94,-22.32,L,L,False
2021,11,7,6,164.04,3,111.36,52.68,W,W,False
2021,11,8,5,74.36,11,131.06,-56.7,L,L,False
2021,11,9,3,107.98,5,101.12,6.86,W,L,False
2021,11,10,1,141.96,2,140.66,1.3,W,W,False
2021,11,11,5,131.06,8,74.36,56.7,W,W,False
2021,11,12,4,153.26,4,105.9,47.36,W,W,False
2021,12,1,6,114.88,10,122.22,-7.34,L,L,False
2021,12,2,1,112.12,6,137.48,-25.36,L,L,False
2021,12,3,4,71.34,11,117.9,-46.56,L,L,False
2021,12,4,2,131.88,9,94.2,37.68,W,W,False
2021,12,5,3,146.82,12,106.58,40.24,W,W,False
2021,12,6,1,137.48,2,112.12,25.36,W,W,False
2021,12,7,5,128.98,8,116.1,12.88,W,W,False
2021,12,8,5,116.1,7,128.98,-12.88,L,L,False
2021,12,9,2,94.2,4,131.88,-37.68,L,L,False
2021,12,10,6,122.22,1,114.88,7.34,W,W,False
2021,12,11,4,117.9,3,71.34,46.56,W,W,False
2021,12,12,3,106.58,5,146.82,-40.24,L,L,False
2021,13,1,5,135.0,7,130.66,4.34,W,W,False
2021,13,2,1,164.08,9,106.5,57.58,W,W,False
2021,13,3,4,81.82,5,99.96,-18.14,L,L,False
2021,13,4,2,105.76,6,109.3,-3.54,L,L,False
2021,13,5,4,99.96,3,81.82,18.14,W,L,False
2021,13,6,2,109.3,4,105.76,3.54,W,L,False
2021,13,7,5,130.66,1,135.0,-4.34,L,W,False
2021,13,8,6,135.26,10,183.68,-48.42,L,W,False
2021,13,9,1,106.5,2,164.08,-57.58,L,L,False
2021,13,10,6,183.68,8,135.26,48.42,W,W,False
2021,13,11,3,106.32,12,115.16,-8.84,L,L,False
2021,13,12,3,115.16,11,106.32,8.84,W,W,False
2021,14,1,2,105.94,5,191.22,-85.28,L,L,False
2021,14,2,4,161.14,12,128.94,32.2,W,W,False
2021,14,3,6,149.14,8,100.2,48.94,W,W,False
2021,14,4,1,146.48,9,89.98,56.5,W,W,False
2021,14,5,2,191.22,1,105.94,85.28,W,W,False
2021,14,6,3,144.94,11,134.84,10.1,W,W,False
2021,14,7,5,113.38,10,148.12,-34.74,L,L,False
2021,14,8,6,100.2,3,149.14,-48.94,L,L,False
2021,14,9,1,89.98,4,146.48,-56.5,L,L,False
2021,14,10,5,148.12,7,113.38,34.74,W,W,False
2021,14,11,3,134.84,6,144.94,-10.1,L,L,False
2021,14,12,4,128.94,2,161.14,-32.2,L,L,False
2021,15,1,1,108.68,12,121.08,-12.4,L,,True
2021,15,2,,120.78,,,,,,True
2021,15,3,,97.52,,,,,,True
2021,15,4,4,105.28,8,111.5,-6.22,L,,True
2021,15,5,,96.22,,,,,,True
2021,15,6,2,95.02,7,91.1,3.92,W,,True
2021,15,7,2,91.1,6,95.02,-3.92,L,,True
2021,15,8,4,111.5,4,105.28,6.22,W,,True
2021,15,9,5,113.38,11,91.34,22.04,W,,True
2021,15,10,,105.72,,,,,,True
2021,15,11,5,91.34,9,113.38,-22.04,L,,True
2021,15,12,1,121.08,1,108.68,12.4,W,,True
2021,16,1,3,109.6,7,124.28,-14.68,L,,True
2021,16,2,1,119.32,12,109.2,10.12,W,,True
2021,16,3,5,109.34,9,103.04,6.3,W,,True
2021,16,4,6,191.1,11,122.6,68.5,W,,True
2021,16,5,4,141.54,8,123.42,18.12,W,,True
2021,16,6,2,118.12,10,151.96,-33.84,L,,True
2021,16,7,3,124.28,1,109.6,14.68,W,,True
2021,16,8,4,123.42,5,141.54,-18.12,L,,True
2021,16,9,5,103.04,3,109.34,-6.3,L,,True
2021,16,10,2,151.96,6,118.12,33.84,W,,True
2021,16,11,6,122.6,4,191.1,-68.5,L,,True
2021,16,12,1,109.2,2,119.32,-10.12,L,,True
2021,17,1,,128.26,,,,,,True
2021,17,2,1,150.08,10,124.98,25.1,W,,True
2021,17,3,4,142.98,5,145.02,-2.04,L,,True
2021,17,4,,100.94,,,,,,True
2021,17,5,4,145.02,3,142.98,2.04,W,,True
2021,17,6,2,141.42,12,139.74,1.68,W,,True
2021,17,7,,111.66,,,,,,True
2021,17,8,5,111.56,9,109.36,2.2,W,,True
2021,17,9,5,109.36,8,111.56,-2.2,L,,True
2021,17,10,1,124.98,2,150.08,-25.1,L,,True
2021,17,11,,49.6,,,,,,True
2021,17,12,2,139.74,6,141.42,-1.68,L,,True
2022,1,1,5,92.18,4,125.06,-32.88,L,L,False
2022,1,2,4,135.76,9,112.52,23.24,W,W,False
2022,1,3,1,99.88,12,116.86,-16.98,L,L,False
2022,1,4,5,125.06,1,92.18,32.88,W,W,False
2022,1,5,2,115.56,7,95.28,20.28,W,W,False
2022,1,6,6,87.0,8,124.06,-37.06,L,L,False
2022,1,7,2,95.28,5,115.56,-20.28,L,L,False
2022,1,8,6,124.06,6,87.0,37.06,W,W,False
2022,1,9,4,112.52,2,135.76,-23.24,L,L,False
2022,1,10,3,99.56,11,120.42,-20.86,L,L,False
2022,1,11,3,120.42,10,99.56,20.86,W,W,False
2022,1,12,1,116.86,3,99.88,16.98,W,W,False
2022,2,1,6,86.4,8,115.18,-28.78,L,L,False
2022,2,2,3,96.88,10,159.54,-62.66,L,L,False
2022,2,3,2,97.4,5,125.5,-28.1,L,L,False
2022,2,4,5,78.18,6,72.48,5.7,W,L,False
2022,2,5,2,125.5,3,97.4,28.1,W,W,False
2022,2,6,5,72.48,4,78.18,-5.7,L,L,False
2022,2,7,1,125.76,12,169.86,-44.1,L,W,False
2022,2,8,6,115.18,1,86.4,28.78,W,W,False
2022,2,9,4,101.56,11,134.98,-33.42,L,L,False
2022,2,10,3,159.54,2,96.88,62.66,W,W,False
2022,2,11,4,134.98,9,101.56,33.42,W,W,False
2022,2,12,1,169.86,7,125.76,44.1,W,W,False
2022,3,1,6,99.1,6,114.44,-15.34,L,L,False
2022,3,2,4,84.68,11,128.8,-44.12,L,L,False
2022,3,3,2,113.46,7,124.16,-10.7,L,W,False
2022,3,4,5,107.78,8,104.52,3.26,W,W,False
2022,3,5,1,140.68,12,91.44,49.24,W,W,False
2022,3,6,6,114.44,1,99.1,15.34,W,W,False
2022,3,7,2,124.16,3,113.46,10.7,W,W,False
2022,3,8,5,104.52,4,107.78,-3.26,L,L,False
2022,3,9,3,84.34,10,80.9,3.44,W,L,False
2022,3,10,3,80.9,9,84.34,-3.44,L,L,False
2022,3,11,4,128.8,2,84.68,44.12,W,W,False
2022,3,12,1,91.44,5,140.68,-49.24,L,L,False
2022,4,1,4,114.94,5,129.34,-14.4,L,W,False
2022,4,2,5,109.02,6,106.04,2.98,W,L,False
2022,4,3,2,86.6,11,108.8,-22.2,L,L,False
2022,4,4,3,171.56,7,124.68,46.88,W,W,False
2022,4,5,4,129.34,1,114.94,14.4,W,W,False
2022,4,6,5,106.04,2,109.02,-2.98,L,L,False
2022,4,7,3,124.68,4,171.56,-46.88,L,W,False
2022,4,8,6,109.56,9,152.98,-43.42,L,L,False
2022,4,9,6,152.98,8,109.56,43.42,W,W,False
2022,4,10,1,113.92,12,80.84,33.08,W,W,False
2022,4,11,2,108.8,3,86.6,22.2,W,L,False
2022,4,12,1,80.84,10,113.92,-33.08,L,L,False
2022,5,1,3,76.68,7,127.88,-51.2,L,L,False
2022,5,2,5,113.04,8,95.28,17.76,W,L,False
2022,5,3,2,107.1,10,138.96,-31.86,L,L,False
2022,5,4,4,117.56,5,119.2,-1.64,L,W,False
2022,5,5,4,119.2,4,117.56,1.64,W,W,False
2022,5,6,6,89.4,9,121.34,-31.94,L,L,False
2022,5,7,3,127.88,1,76.68,51.2,W,W,False
2022,5,8,5,95.28,2,113.04,-17.76,L,L,False
2022,5,9,6,121.34,6,89.4,31.94,W,W,False
2022,5,10,2,138.96,3,107.1,31.86,W,W,False
2022,5,11,1,124.34,12,68.3,56.04,W,W,False
2022,5,12,1,68.3,11,124.34,-56.04,L,L,False
2022,6,1,6,114.26,11,96.74,17.52,W,W,False
2022,6,2,1,83.5,12,70.14,13.36,W,L,False
2022,6,3,2,128.02,9,107.32,20.7,W,W,False
2022,6,4,5,112.1,10,93.38,18.72,W,W,False
2022,6,5,4,100.54,8,104.76,-4.22,L,W,False
2022,6,6,3,91.18,7,93.16,-1.98,L,L,False
2022,6,7,3,93.16,6,91.18,1.98,W,L,False
2022,6,8,4,104.76,5,100.54,4.22,W,W,False
2022,6,9,2,107.32,3,128.02,-20.7,L,W,False
2022,6,10,5,93.38,4,112.1,-18.72,L,L,False
2022,6,11,6,96.74,1,114.26,-17.52,L,L,False
2022,6,12,1,70.14,2,83.5,-13.36,L,L,False
2022,7,1,5,128.32,10,116.56,11.76,W,W,False
2022,7,2,2,139.04,3,64.36,74.68,W,W,False
2022,7,3,2,64.36,2,139.04,-74.68,L,L,False
2022,7,4,6,130.6,11,94.36,36.24,W,W,False
2022,7,5,4,123.48,6,147.3,-23.82,L,W,False
2022,7,6,4,147.3,5,123.48,23.82,W,W,False
2022,7,7,3,114.66,8,109.5,5.16,W,L,False
2022,7,8,3,109.5,7,114.66,-5.16,L,L,False
2022,7,9,1,107.24,12,78.72,28.52,W,L,False
2022,7,10,5,116.56,1,128.32,-11.76,L,W,False
2022,7,11,6,94.36,4,130.6,-36.24,L,L,False
2022,7,12,1,78.72,9,107.24,-28.52,L,L,False
2022,8,1,2,72.02,3,140.42,-68.4,L,L,False
2022,8,2,3,174.92,7,114.3,60.62,W,W,False
2022,8,3,2,140.42,1,72.02,68.4,W,W,False
2022,8,4,1,138.06,12,85.92,52.14,W,W,False
2022,8,5,4,109.62,9,109.48,0.14,W,L,False
2022,8,6,5,143.1,10,126.66,16.44,W,W,False
2022,8,7,3,114.3,2,174.92,-60.62,L,L,False
2022,8,8,6,124.18,11,168.92,-44.74,L,L,False
2022,8,9,4,109.48,5,109.62,-0.14,L,L,False
2022,8,10,5,126.66,6,143.1,-16.44,L,W,False
2022,8,11,6,168.92,8,124.18,44.74,W,W,False
2022,8,12,1,85.92,4,138.06,-52.14,L,L,False
2022,9,1,1,105.9,12,98.64,7.26,W,W,False
2022,9,2,4,139.42,5,124.08,15.34,W,W,False
2022,9,3,2,61.58,4,133.94,-72.36,L,L,False
2022,9,4,2,133.94,3,61.58,72.36,W,W,False
2022,9,5,4,124.08,2,139.42,-15.34,L,W,False
2022,9,6,6,61.5,11,119.06,-57.56,L,L,False
2022,9,7,3,105.6,9,138.94,-33.34,L,L,False
2022,9,8,5,77.44,10,78.36,-0.92,L,L,False
2022,9,9,3,138.94,7,105.6,33.34,W,W,False
2022,9,10,5,78.36,8,77.44,0.92,W,L,False
2022,9,11,6,119.06,6,61.5,57.56,W,W,False
2022,9,12,1,98.64,1,105.9,-7.26,L,L,False
2022,10,1,6,95.06,9,96.52,-1.46,L,L,False
2022,10,2,5,100.98,4,123.64,-22.66,L,L,False
2022,10,3,2,118.02,8,105.92,12.1,W,W,False
2022,10,4,5,123.64,2,100.98,22.66,W,W,False
2022,10,5,4,119.22,11,92.3,26.92,W,W,False
2022,10,6,1,101.0,12,107.96,-6.96,L,L,False
2022,10,7,3,146.5,10,108.22,38.28,W,W,False
2022,10,8,2,105.92,3,118.02,-12.1,L,L,False
2022,10,9,6,96.52,1,95.06,1.46,W,L,False
2022,10,10,3,108.22,7,146.5,-38.28,L,W,False
2022,10,11,4,92.3,5,119.22,-26.92,L,L,False
2022,10,12,1,107.96,6,101.0,6.96,W,W,False
2022,11,1,5,94.04,2,121.2,-27.16,L,L,False
2022,11,2,5,121.2,1,94.04,27.16,W,W,False
2022,11,3,2,110.08,6,82.92,27.16,W,W,False
2022,11,4,6,149.7,9,91.1,58.6,W,W,False
2022,11,5,4,121.4,10,90.14,31.26,W,W,False
2022,11,6,2,82.92,3,110.08,-27.16,L,L,False
2022,11,7,3,60.14,11,106.68,-46.54,L,L,False
2022,11,8,1,101.64,12,147.66,-46.02,L,L,False
2022,11,9,6,91.1,4,149.7,-58.6,L,L,False
2022,11,10,4,90.14,5,121.4,-31.26,L,L,False
2022,11,11,3,106.68,7,60.14,46.54,W,W,False
2022,11,12,1,147.66,8,101.64,46.02,W,W,False
2022,12,1,5,101.64,4,104.34,-2.7,L,L,False
2022,12,2,4,107.44,9,137.98,-30.54,L,W,False
2022,12,3,1,92.54,12,103.26,-10.72,L,L,False
2022,12,4,5,104.34,1,101.64,2.7,W,L,False
2022,12,5,2,152.68,7,128.22,24.46,W,W,False
2022,12,6,6,97.62,8,133.22,-35.6,L,L,False
2022,12,7,2,128.22,5,152.68,-24.46,L,W,False
2022,12,8,6,133.22,6,97.62,35.6,W,W,False
2022,12,9,4,137.98,2,107.44,30.54,W,W,False
2022,12,10,3,117.0,11,98.34,18.66,W,W,False
2022,12,11,3,98.34,10,117.0,-18.66,L,L,False
2022,12,12,1,103.26,3,92.54,10.72,W,L,False
2022,13,1,6,63.32,8,128.1,-64.78,L,L,False
2022,13,2,3,88.2,10,112.18,-23.98,L,L,False
2022,13,3,2,94.02,5,161.98,-67.96,L,L,False
2022,13,4,5,127.02,6,109.82,17.2,W,W,False
2022,13,5,2,161.98,3,94.02,67.96,W,W,False
2022,13,6,5,109.82,4,127.02,-17.2,L,L,False
2022,13,7,1,100.58,12,102.32,-1.74,L,L,False
2022,13,8,6,128.1,1,63.32,64.78,W,W,False
2022,13,9,4,119.38,11,117.88,1.5,W,W,False
2022,13,10,3,112.18,2,88.2,23.98,W,W,False
2022,13,11,4,117.88,9,119.38,-1.5,L,W,False
2022,13,12,1,102.32,7,100.58,1.74,W,L,False
2022,14,1,6,143.3,6,99.68,43.62,W,W,False
2022,14,2,1,91.04,4,141.44,-50.4,L,L,False
2022,14,3,5,92.1,12,81.7,10.4,W,L,False
2022,14,4,1,141.44,2,91.04,50.4,W,W,False
2022,14,5,2,113.28,11,82.44,30.84,W,W,False
2022,14,6,6,99.68,1,143.3,-43.62,L,W,False
2022,14,7,4,91.2,10,130.34,-39.14,L,L,False
2022,14,8,3,111.66,9,85.68,25.98,W,W,False
2022,14,9,3,85.68,8,111.66,-25.98,L,L,False
2022,14,10,4,130.34,7,91.2,39.14,W,W,False
2022,14,11,2,82.44,5,113.28,-30.84,L,L,False
2022,14,12,5,81.7,3,92.1,-10.4,L,L,False
2022,15,1,4,141.72,12,125.2,16.52,W,,True
2022,15,2,1,120.02,10,92.12,27.9,W,,True
2022,15,3,5,102.8,6,89.76,13.04,W,,True
2022,15,4,,127.28,,,,,,True
2022,15,5,,73.52,,,,,,True
2022,15,6,5,89.76,3,102.8,-13.04,L,,True
2022,15,7,,141.74,,,,,,True
2022,15,8,,99.98,,,,,,True
2022,15,9,2,135.88,11,118.82,17.06,W,,True
2022,15,10,1,92.12,2,120.02,-27.9,L,,True
2022,15,11,2,118.82,9,135.88,-17.06,L,,True
2022,15,12,4,125.2,1,141.72,-16.52,L,,True
2022,16,1,4,110.26,8,88.16,22.1,W,,True
2022,16,2,1,79.32,4,150.44,-71.12,L,,True
2022,16,3,5,125.86,7,105.66,20.2,W,,True
2022,16,4,1,150.44,2,79.32,71.12,W,,True
2022,16,5,2,72.34,9,148.04,-75.7,L,,True
2022,16,6,6,52.32,12,106.0,-53.68,L,,True
2022,16,7,5,105.66,3,125.86,-20.2,L,,True
2022,16,8,4,88.16,1,110.26,-22.1,L,,True
2022,16,9,2,148.04,5,72.34,75.7,W,,True
2022,16,10,3,109.46,11,99.52,9.94,W,,True
2022,16,11,3,99.52,10,109.46,-9.94,L,,True
2022,16,12,6,106.0,6,52.32,53.68,W,,True
2022,17,1,4,130.04,3,158.14,-28.1,L,,True
2022,17,2,2,95.58,5,118.76,-23.18,L,,True
2022,17,3,4,158.14,1,130.04,28.1,W,,True
2022,17,4,1,125.3,9,114.26,11.04,W,,True
2022,17,5,2,118.76,2,95.58,23.18,W,,True
2022,17,6,,108.02,,,,,,True
2022,17,7,5,75.62,8,115.98,-40.36,L,,True
2022,17,8,5,115.98,7,75.62,40.36,W,,True
2022,17,9,1,114.26,4,125.3,-11.04,L,,True
2022,17,10,,56.96,,,,,,True
2022,17,11,,88.32,,,,,,True
2022,17,12,,76.34,,,,,,True
2023,1,1,6,74.56,3,111.02,-36.46,L,L,False
2023,1,2,1,79.82,8,103.06,-23.24,L,L,False
2023,1,3,6,111.02,1,74.56,36.46,W,W,False
2023,1,4,2,112.16,6,86.46,25.7,W,W,False
2023,1,5,4,114.4,10,149.14,-34.74,L,W,False
2023,1,6,2,86.46,4,112.16,-25.7,L,L,False
2023,1,7,5,102.12,12,94.62,7.5,W,W,False
2023,1,8,1,103.06,2,79.82,23.24,W,W,False
2023,1,9,3,87.8,11,79.2,8.6,W,L,False
2023,1,10,4,149.14,5,114.4,34.74,W,W,False
2023,1,11,3,79.2,9,87.8,-8.6,L,L,False
2023,1,12,5,94.62,7,102.12,-7.5,L,L,False
2023,2,1,6,106.0,7,128.24,-22.24,L,L,False
2023,2,2,1,137.54,6,110.86,26.68,W,W,False
2023,2,3,5,141.82,12,87.94,53.88,W,W,False
2023,2,4,2,136.04,8,122.92,13.12,W,W,False
2023,2,5,4,96.74,11,173.78,-77.04,L,L,False
2023,2,6,1,110.86,2,137.54,-26.68,L,L,False
2023,2,7,6,128.24,1,106.0,22.24,W,W,False
2023,2,8,2,122.92,4,136.04,-13.12,L,W,False
2023,2,9,3,108.06,10,102.8,5.26,W,L,False
2023,2,10,3,102.8,9,108.06,-5.26,L,L,False
2023,2,11,4,173.78,5,96.74,77.04,W,W,False
2023,2,12,5,87.94,3,141.82,-53.88,L,L,False
2023,3,1,5,97.1,12,105.24,-8.14,L,L,False
2023,3,2,1,141.34,4,144.18,-2.84,L,W,False
2023,3,3,6,107.08,7,132.78,-25.7,L,L,False
2023,3,4,1,144.18,2,141.34,2.84,W,W,False
2023,3,5,3,124.84,9,117.28,7.56,W,W,False
2023,3,6,2,110.28,8,135.28,-25.0,L,L,False
2023,3,7,6,132.78,3,107.08,25.7,W,W,False
2023,3,8,2,135.28,6,110.28,25.0,W,W,False
2023,3,9,3,117.28,5,124.84,-7.56,L,W,False
2023,3,10,4,105.4,11,113.28,-7.88,L,L,False
2023,3,11,4,113.28,10,105.4,7.88,W,L,False
2023,3,12,5,105.24,1,97.1,8.14,W,L,False
2023,4,1,6,96.6,5,139.6,-43.0,L,L,False
2023,4,2,1,100.64,9,148.58,-47.94,L,L,False
2023,4,3,5,136.08,10,103.58,32.5,W,W,False
2023,4,4,4,100.22,7,104.16,-3.94,L,L,False
2023,4,5,6,139.6,1,96.6,43.0,W,W,False
2023,4,6,3,91.8,12,134.16,-42.36,L,L,False
2023,4,7,4,104.16,4,100.22,3.94,W,L,False
2023,4,8,2,115.14,11,149.44,-34.3,L,W,False
2023,4,9,1,148.58,2,100.64,47.94,W,W,False
2023,4,10,5,103.58,3,136.08,-32.5,L,L,False
2023,4,11,2,149.44,8,115.14,34.3,W,W,False
2023,4,12,3,134.16,6,91.8,42.36,W,W,False
2023,5,1,5,98.18,10,126.62,-28.44,L,L,False
2023,5,2,1,119.58,11,84.84,34.74,W,W,False
2023,5,3,6,157.58,5,110.86,46.72,W,W,False
2023,5,4,4,88.06,12,84.14,3.92,W,L,False
2023,5,5,6,110.86,3,157.58,-46.72,L,W,False
2023,5,6,3,193.82,7,94.12,99.7,W,W,False
2023,5,7,3,94.12,6,193.82,-99.7,L,L,False
2023,5,8,2,98.08,9,150.4,-52.32,L,L,False
2023,5,9,2,150.4,8,98.08,52.32,W,W,False
2023,5,10,5,126.62,1,98.18,28.44,W,W,False
2023,5,11,1,84.84,2,119.58,-34.74,L,L,False
2023,5,12,4,84.14,4,88.06,-3.92,L,L,False
2023,6,1,4,126.9,4,70.74,56.16,W,W,False
2023,6,2,1,130.58,10,101.74,28.84,W,W,False
2023,6,3,3,121.74,6,99.9,21.84,W,W,False
2023,6,4,4,70.74,1,126.9,-56.16,L,L,False
2023,6,5,2,95.4,8,102.22,-6.82,L,L,False
2023,6,6,3,99.9,3,121.74,-21.84,L,L,False
2023,6,7,6,74.74,11,117.38,-42.64,L,L,False
2023,6,8,2,102.22,5,95.4,6.82,W,W,False
2023,6,9,5,83.7,12,104.96,-21.26,L,L,False
2023,6,10,1,101.74,2,130.58,-28.84,L,L,False
2023,6,11,6,117.38,7,74.74,42.64,W,W,False
2023,6,12,5,104.96,9,83.7,21.26,W,W,False
2023,7,1,3,117.36,6,147.76,-30.4,L,W,False
2023,7,2,1,94.74,5,140.42,-45.68,L,L,False
2023,7,3,4,106.96,4,101.64,5.32,W,L,False
2023,7,4,4,101.64,3,106.96,-5.32,L,L,False
2023,7,5,1,140.42,2,94.74,45.68,W,W,False
2023,7,6,3,147.76,1,117.36,30.4,W,W,False
2023,7,7,5,86.5,9,146.26,-59.76,L,L,False
2023,7,8,2,82.74,10,99.9,-17.16,L,L,False
2023,7,9,5,146.26,7,86.5,59.76,W,W,False
2023,7,10,2,99.9,8,82.74,17.16,W,L,False
2023,7,11,6,118.6,12,107.2,11.4,W,W,False
2023,7,12,6,107.2,11,118.6,-11.4,L,W,False
2023,8,1,6,109.18,11,150.02,-40.84,L,L,False
2023,8,2,1,117.4,12,113.62,3.78,W,W,False
2023,8,3,5,130.5,9,132.08,-1.58,L,W,False
2023,8,4,4,101.98,5,115.44,-13.46,L,L,False
2023,8,5,4,115.44,4,101.98,13.46,W,W,False
2023,8,6,3,103.02,10,95.58,7.44,W,L,False
2023,8,7,2,114.46,8,104.12,10.34,W,W,False
2023,8,8,2,104.12,7,114.46,-10.34,L,L,False
2023,8,9,5,132.08,3,130.5,1.58,W,W,False
2023,8,10,3,95.58,6,103.02,-7.44,L,L,False
2023,8,11,6,150.02,1,109.18,40.84,W,W,False
2023,8,12,1,113.62,2,117.4,-3.78,L,L,False
2023,9,1,5,114.3,9,116.46,-2.16,L,W,False
2023,9,2,1,101.86,7,65.8,36.06,W,W,False
2023,9,3,6,109.72,11,139.36,-29.64,L,W,False
2023,9,4,4,96.22,10,55.52,40.7,W,L,False
2023,9,5,3,122.6,6,91.96,30.64,W,W,False
2023,9,6,3,91.96,5,122.6,-30.64,L,L,False
2023,9,7,1,65.8,2,101.86,-36.06,L,L,False
2023,9,8,2,70.16,12,85.88,-15.72,L,L,False
2023,9,9,5,116.46,1,114.3,2.16,W,W,False
2023,9,10,4,55.52,4,96.22,-40.7,L,L,False
2023,9,11,6,139.36,3,109.72,29.64,W,W,False
2023,9,12,2,85.88,8,70.16,15.72,W,L,False
2023,10,1,2,122.32,8,128.86,-6.54,L,W,False
2023,10,2,1,145.16,3,144.7,0.46,W,W,False
2023,10,3,1,144.7,2,145.16,-0.46,L,W,False
2023,10,4,4,82.8,11,120.88,-38.08,L,L,False
2023,10,5,6,88.7,7,141.58,-52.88,L,L,False
2023,10,6,3,106.56,9,95.0,11.56,W,L,False
2023,10,7,6,141.58,5,88.7,52.88,W,W,False
2023,10,8,2,128.86,1,122.32,6.54,W,W,False
2023,10,9,3,95.0,6,106.56,-11.56,L,L,False
2023,10,10,5,131.52,12,87.58,43.94,W,W,False
2023,10,11,4,120.88,4,82.8,38.08,W,L,False
2023,10,12,5,87.58,10,131.52,-43.94,L,L,False
2023,11,1,1,98.28,2,96.8,1.48,W,L,False
2023,11,2,1,96.8,1,98.28,-1.48,L,L,False
2023,11,3,2,135.42,8,132.02,3.4,W,W,False
2023,11,4,4,87.32,9,108.02,-20.7,L,L,False
2023,11,5,6,106.66,12,126.06,-19.4,L,L,False
2023,11,6,3,88.7,11,112.28,-23.58,L,L,False
2023,11,7,5,105.96,10,125.26,-19.3,L,L,False
2023,11,8,2,132.02,3,135.42,-3.4,L,W,False
2023,11,9,4,108.02,4,87.32,20.7,W,W,False
2023,11,10,5,125.26,7,105.96,19.3,W,W,False
2023,11,11,3,112.28,6,88.7,23.58,W,W,False
2023,11,12,6,126.06,5,106.66,19.4,W,W,False
2023,12,1,6,130.46,3,127.92,2.54,W,W,False
2023,12,2,1,133.64,8,105.64,28.0,W,W,False
2023,12,3,6,127.92,1,130.46,-2.54,L,L,False
2023,12,4,2,71.64,6,89.56,-17.92,L,L,False
2023,12,5,4,124.5,10,131.02,-6.52,L,L,False
2023,12,6,2,89.56,4,71.64,17.92,W,L,False
2023,12,7,5,78.4,12,136.68,-58.28,L,L,False
2023,12,8,1,105.64,2,133.64,-28.0,L,L,False
2023,12,9,3,140.9,11,189.38,-48.48,L,W,False
2023,12,10,4,131.02,5,124.5,6.52,W,W,False
2023,12,11,3,189.38,9,140.9,48.48,W,W,False
2023,12,12,5,136.68,7,78.4,58.28,W,W,False
2023,13,1,6,96.44,7,149.96,-53.52,L,L,False
2023,13,2,1,149.58,6,94.22,55.36,W,W,False
2023,13,3,5,104.0,12,88.08,15.92,W,L,False
2023,13,4,2,109.6,8,123.94,-14.34,L,L,False
2023,13,5,4,143.64,11,139.92,3.72,W,W,False
2023,13,6,1,94.22,2,149.58,-55.36,L,L,False
2023,13,7,6,149.96,1,96.44,53.52,W,W,False
2023,13,8,2,123.94,4,109.6,14.34,W,W,False
2023,13,9,3,93.14,10,148.9,-55.76,L,L,False
2023,13,10,3,148.9,9,93.14,55.76,W,W,False
2023,13,11,4,139.92,5,143.64,-3.72,L,W,False
2023,13,12,5,88.08,3,104.0,-15.92,L,L,False
2023,14,1,5,144.74,12,117.8,26.94,W,W,False
2023,14,2,1,122.04,3,132.96,-10.92,L,W,False
2023,14,3,1,132.96,2,122.04,10.92,W,W,False
2023,14,4,6,91.28,6,125.96,-34.68,L,L,False
2023,14,5,3,153.38,7,111.08,42.3,W,W,False
2023,14,6,6,125.96,4,91.28,34.68,W,W,False
2023,14,7,3,111.08,5,153.38,-42.3,L,L,False
2023,14,8,4,96.16,10,97.72,-1.56,L,L,False
2023,14,9,2,58.5,11,124.24,-65.74,L,L,False
2023,14,10,4,97.72,8,96.16,1.56,W,L,False
2023,14,11,2,124.24,9,58.5,65.74,W,W,False
2023,14,12,5,117.8,1,144.74,-26.94,L,L,False
2023,15,1,4,104.38,6,114.56,-10.18,L,,True
2023,15,2,2,85.96,10,131.94,-45.98,L,,True
2023,15,3,,71.92,,,,,,True
2023,15,4,5,96.64,12,130.64,-34.0,L,,True
2023,15,5,1,113.64,9,129.0,-15.36,L,,True
2023,15,6,4,114.56,1,104.38,10.18,W,,True
2023,15,7,,97.76,,,,,,True
2023,15,8,,131.76,,,,,,True
2023,15,9,1,129.0,5,113.64,15.36,W,,True
2023,15,10,2,131.94,2,85.96,45.98,W,,True
2023,15,11,,168.92,,,,,,True
2023,15,12,5,130.64,4,96.64,34.0,W,,True
2023,16,1,6,97.54,4,112.72,-15.18,L,,True
2023,16,2,3,100.86,5,161.26,-60.4,L,,True
2023,16,3,2,90.62,10,113.54,-22.92,L,,True
2023,16,4,6,112.72,1,97.54,15.18,W,,True
2023,16,5,3,161.26,2,100.86,60.4,W,,True
2023,16,6,4,73.88,8,79.2,-5.32,L,,True
2023,16,7,5,126.5,12,113.94,12.56,W,,True
2023,16,8,4,79.2,6,73.88,5.32,W,,True
2023,16,9,1,128.9,11,140.54,-11.64,L,,True
2023,16,10,2,113.54,3,90.62,22.92,W,,True
2023,16,11,1,140.54,9,128.9,11.64,W,,True
2023,16,12,5,113.94,7,126.5,-12.56,L,,True
2023,17,1,,101.52,,,,,,True
2023,17,2,,115.76,,,,,,True
2023,17,3,2,133.34,9,146.2,-12.86,L,,True
2023,17,4,,97.08,,,,,,True
2023,17,5,,113.44,,,,,,True
2023,17,6,5,128.86,12,94.54,34.32,W,,True
2023,17,7,4,110.16,8,87.38,22.78,W,,True
2023,17,8,4,87.38,7,110.16,-22.78,L,,True
2023,17,9,2,146.2,3,133.34,12.86,W,,True
2023,17,10,1,97.48,11,148.8,-51.32,L,,True
2023,17,11,1,148.8,10,97.48,51.32,W,,True
2023,17,12,5,94.54,6,128.86,-34.32,L,,True
2024,1,1,1,131.7,11,96.72,34.98,W,W,False
2024,1,2,4,108.22,6,76.8,31.42,W,L,False
2024,1,3,3,108.66,4,115.94,-7.28,L,W,False
2024,1,4,3,115.94,3,108.66,7.28,W,W,False
2024,1,5,6,100.02,10,134.54,-34.52,L,L,False
2024,1,6,4,76.8,2,108.22,-31.42,L,L,False
2024,1,7,2,103.58,8,79.22,24.36,W,L,False
2024,1,8,2,79.22,7,103.58,-24.36,L,L,False
2024,1,9,5,108.6,12,109.62,-1.02,L,W,False
2024,1,10,6,134.54,5,100.02,34.52,W,W,False
2024,1,11,1,96.72,1,131.7,-34.98,L,L,False
2024,1,12,5,109.62,9,108.6,1.02,W,W,False
2024,2,1,1,81.64,10,133.3,-51.66,L,L,False
2024,2,2,6,139.56,4,111.26,28.3,W,W,False
2024,2,3,4,119.18,8,143.8,-24.62,L,W,False
2024,2,4,6,111.26,2,139.56,-28.3,L,W,False
2024,2,5,5,101.4,11,93.8,7.6,W,L,False
2024,2,6,3,116.22,9,103.68,12.54,W,W,False
2024,2,7,2,85.6,12,90.5,-4.9,L,L,False
2024,2,8,4,143.8,3,119.18,24.62,W,W,False
2024,2,9,3,103.68,6,116.22,-12.54,L,L,False
2024,2,10,1,133.3,1,81.64,51.66,W,W,False
2024,2,11,5,93.8,5,101.4,-7.6,L,L,False
2024,2,12,2,90.5,7,85.6,4.9,W,L,False
2024,3,1,2,67.82,12,80.08,-12.26,L,L,False
2024,3,2,5,145.22,10,126.02,19.2,W,W,False
2024,3,3,4,114.72,6,95.62,19.1,W,L,False
2024,3,4,6,125.34,5,105.46,19.88,W,W,False
2024,3,5,6,105.46,4,125.34,-19.88,L,L,False
2024,3,6,4,95.62,3,114.72,-19.1,L,L,False
2024,3,7,1,115.42,11,90.02,25.4,W,W,False
2024,3,8,3,122.44,9,150.12,-27.68,L,W,False
2024,3,9,3,150.12,8,122.44,27.68,W,W,False
2024,3,10,5,126.02,2,145.22,-19.2,L,W,False
2024,3,11,1,90.02,7,115.42,-25.4,L,L,False
2024,3,12,2,80.08,1,67.82,12.26,W,L,False
2024,4,1,3,62.96,10,112.02,-49.06,L,L,False
2024,4,2,6,113.0,8,105.98,7.02,W,W,False
2024,4,3,2,123.04,12,109.7,13.34,W,W,False
2024,4,4,4,124.46,7,112.64,11.82,W,W,False
2024,4,5,5,136.0,6,122.6,13.4,W,W,False
2024,4,6,5,122.6,5,136.0,-13.4,L,W,False
2024,4,7,4,112.64,4,124.46,-11.82,L,L,False
2024,4,8,6,105.98,2,113.0,-7.02,L,L,False
2024,4,9,1,107.74,11,153.26,-45.52,L,L,False
2024,4,10,3,112.02,1,62.96,49.06,W,L,False
2024,4,11,1,153.26,9,107.74,45.52,W,W,False
2024,4,12,2,109.7,3,123.04,-13.34,L,L,False
2024,5,1,3,93.06,4,117.06,-24.0,L,L,False
2024,5,2,5,153.8,6,111.62,42.18,W,W,False
2024,5,3,1,119.76,11,102.18,17.58,W,L,False
2024,5,4,3,117.06,1,93.06,24.0,W,L,False
2024,5,5,6,128.08,8,130.54,-2.46,L,W,False
2024,5,6,5,111.62,2,153.8,-42.18,L,L,False
2024,5,7,4,126.42,10,92.78,33.64,W,W,False
2024,5,8,6,130.54,5,128.08,2.46,W,W,False
2024,5,9,2,126.44,12,123.6,2.84,W,W,False
2024,5,10,4,92.78,7,126.42,-33.64,L,L,False
2024,5,11,1,102.18,3,119.76,-17.58,L,L,False
2024,5,12,2,123.6,9,126.44,-2.84,L,W,False
2024,6,1,3,115.6,5,105.64,9.96,W,W,False
2024,6,2,4,102.18,7,104.6,-2.42,L,L,False
2024,6,3,6,132.76,4,143.54,-10.78,L,W,False
2024,6,4,6,143.54,3,132.76,10.78,W,W,False
2024,6,5,3,105.64,1,115.6,-9.96,L,L,False
2024,6,6,1,78.26,11,154.28,-76.02,L,L,False
2024,6,7,4,104.6,2,102.18,2.42,W,L,False
2024,6,8,2,122.9,12,131.58,-8.68,L,W,False
2024,6,9,5,85.84,10,110.92,-25.08,L,L,False
2024,6,10,5,110.92,9,85.84,25.08,W,L,False
2024,6,11,1,154.28,6,78.26,76.02,W,W,False
2024,6,12,2,131.58,8,122.9,8.68,W,W,False
2024,7,1,3,126.88,2,100.48,26.4,W,W,False
2024,7,2,3,100.48,1,126.88,-26.4,L,L,False
2024,7,3,6,125.04,10,63.44,61.6,W,W,False
2024,7,4,5,99.0,9,111.14,-12.14,L,L,False
2024,7,5,4,134.44,7,92.84,41.6,W,W,False
2024,7,6,2,91.18,12,128.1,-36.92,L,L,False
2024,7,7,4,92.84,5,134.44,-41.6,L,L,False
2024,7,8,1,112.46,11,113.0,-0.54,L,W,False
2024,7,9,5,111.14,4,99.0,12.14,W,L,False
2024,7,10,6,63.44,3,125.04,-61.6,L,L,False
2024,7,11,1,113.0,8,112.46,0.54,W,W,False
2024,7,12,2,128.1,6,91.18,36.92,W,W,False
2024,8,1,3,132.06,6,129.08,2.98,W,W,False
2024,8,2,6,120.2,3,157.24,-37.04,L,L,False
2024,8,3,6,157.24,2,120.2,37.04,W,W,False
2024,8,4,2,158.64,12,107.7,50.94,W,W,False
2024,8,5,5,104.3,9,106.18,-1.88,L,L,False
2024,8,6,3,129.08,1,132.06,-2.98,L,L,False
2024,8,7,4,137.24,8,129.04,8.2,W,W,False
2024,8,8,4,129.04,7,137.24,-8.2,L,L,False
2024,8,9,5,106.18,5,104.3,1.88,W,L,False
2024,8,10,1,130.82,11,141.26,-10.44,L,W,False
2024,8,11,1,141.26,10,130.82,10.44,W,W,False
2024,8,12,2,107.7,4,158.64,-50.94,L,L,False
2024,9,1,3,86.34,8,107.68,-21.34,L,L,False
2024,9,2,5,126.2,9,144.6,-18.4,L,W,False
2024,9,3,6,131.06,5,120.92,10.14,W,W,False
2024,9,4,1,120.78,11,118.44,2.34,W,L,False
2024,9,5,6,120.92,3,131.06,-10.14,L,W,False
2024,9,6,4,96.66,7,146.16,-49.5,L,L,False
2024,9,7,4,146.16,6,96.66,49.5,W,W,False
2024,9,8,3,107.68,1,86.34,21.34,W,L,False
2024,9,9,5,144.6,2,126.2,18.4,W,W,False
2024,9,10,2,110.72,12,141.22,-30.5,L,L,False
2024,9,11,1,118.44,4,120.78,-2.34,L,L,False
2024,9,12,2,141.22,10,110.72,30.5,W,W,False
2024,10,1,3,94.84,9,107.64,-12.8,L,L,False
2024,10,2,2,175.0,12,81.74,93.26,W,W,False
2024,10,3,4,127.7,7,111.28,16.42,W,W,False
2024,10,4,6,83.44,8,124.64,-41.2,L,L,False
2024,10,5,1,77.1,11,83.42,-6.32,L,L,False
2024,10,6,5,97.08,10,89.06,8.02,W,W,False
2024,10,7,4,111.28,3,127.7,-16.42,L,W,False
2024,10,8,6,124.64,4,83.44,41.2,W,W,False
2024,10,9,3,107.64,1,94.84,12.8,W,W,False
2024,10,10,5,89.06,6,97.08,-8.02,L,L,False
2024,10,11,1,83.42,5,77.1,6.32,W,L,False
2024,10,12,2,81.74,2,175.0,-93.26,L,L,False
2024,11,1,3,140.3,3,104.1,36.2,W,W,False
2024,11,2,1,143.88,11,154.48,-10.6,L,W,False
2024,11,3,3,104.1,1,140.3,-36.2,L,L,False
2024,11,4,5,100.98,6,132.52,-31.54,L,L,False
2024,11,5,2,110.12,12,120.98,-10.86,L,L,False
2024,11,6,5,132.52,4,100.98,31.54,W,W,False
2024,11,7,4,100.66,9,136.54,-35.88,L,L,False
2024,11,8,6,112.16,10,107.56,4.6,W,L,False
2024,11,9,4,136.54,7,100.66,35.88,W,W,False
2024,11,10,6,107.56,8,112.16,-4.6,L,L,False
2024,11,11,1,154.48,2,143.88,10.6,W,W,False
2024,11,12,2,120.98,5,110.12,10.86,W,W,False
2024,12,1,2,129.9,7,126.8,3.1,W,W,False
2024,12,2,6,119.6,5,112.1,7.5,W,W,False
2024,12,3,3,133.26,9,120.24,13.02,W,W,False
2024,12,4,5,79.58,10,48.94,30.64,W,L,False
2024,12,5,6,112.1,2,119.6,-7.5,L,L,False
2024,12,6,4,122.64,8,110.22,12.42,W,W,False
2024,12,7,2,126.8,1,129.9,-3.1,L,W,False
2024,12,8,4,110.22,6,122.64,-12.42,L,L,False
2024,12,9,3,120.24,3,133.26,-13.02,L,W,False
2024,12,10,5,48.94,4,79.58,-30.64,L,L,False
2024,12,11,1,113.44,12,115.12,-1.68,L,L,False
2024,12,12,1,115.12,11,113.44,1.68,W,L,False
2024,13,1,1,120.78,11,136.26,-15.48,L,L,False
2024,13,2,6,134.7,4,97.12,37.58,W,W,False
2024,13,3,4,112.48,8,127.76,-15.28,L,L,False
2024,13,4,6,97.12,2,134.7,-37.58,L,L,False
2024,13,5,5,161.54,10,94.76,66.78,W,W,False
2024,13,6,3,114.2,9,125.16,-10.96,L,L,False
2024,13,7,2,94.2,12,131.38,-37.18,L,L,False
2024,13,8,4,127.76,3,112.48,15.28,W,W,False
2024,13,9,3,125.16,6,114.2,10.96,W,W,False
2024,13,10,5,94.76,5,161.54,-66.78,L,L,False
2024,13,11,1,136.26,1,120.78,15.48,W,W,False
2024,13,12,2,131.38,7,94.2,37.18,W,W,False
2024,14,1,2,118.96,5,113.96,5.0,W,W,False
2024,14,2,5,195.28,12,106.72,88.56,W,W,False
2024,14,3,4,117.92,9,85.96,31.96,W,W,False
2024,14,4,1,136.38,7,137.74,-1.36,L,W,False
2024,14,5,2,113.96,1,118.96,-5.0,L,L,False
2024,14,6,6,112.28,10,143.0,-30.72,L,L,False
2024,14,7,1,137.74,4,136.38,1.36,W,W,False
2024,14,8,3,102.22,11,105.98,-3.76,L,L,False
2024,14,9,4,85.96,3,117.92,-31.96,L,L,False
2024,14,10,6,143.0,6,112.28,30.72,W,W,False
2024,14,11,3,105.98,8,102.22,3.76,W,L,False
2024,14,12,5,106.72,2,195.28,-88.56,L,L,False
2024,15,1,,122.74,,,,,,True
2024,15,2,,117.08,,,,,,True
2024,15,3,,130.58,,,,,,True
2024,15,4,1,125.6,12,90.52,35.08,W,,True
2024,15,5,4,171.66,10,109.44,62.22,W,,True
2024,15,6,5,98.66,8,122.96,-24.3,L,,True
2024,15,7,,103.92,,,,,,True
2024,15,8,5,122.96,6,98.66,24.3,W,,True
2024,15,9,2,117.24,11,112.98,4.26,W,,True
2024,15,10,4,109.44,5,171.66,-62.22,L,,True
2024,15,11,2,112.98,9,117.24,-4.26,L,,True
2024,15,12,1,90.52,4,125.6,-35.08,L,,True
2024,16,1,5,152.66,8,112.5,40.16,W,,True
2024,16,2,1,181.0,4,113.48,67.52,W,,True
2024,16,3,2,132.06,9,114.88,17.18,W,,True
2024,16,4,1,113.48,2,181.0,-67.52,L,,True
2024,16,5,4,116.06,7,126.52,-10.46,L,,True
2024,16,6,6,86.2,10,81.74,4.46,W,,True
2024,16,7,4,126.52,5,116.06,10.46,W,,True
2024,16,8,5,112.5,1,152.66,-40.16,L,,True
2024,16,9,2,114.88,3,132.06,-17.18,L,,True
2024,16,10,6,81.74,6,86.2,-4.46,L,,True
2024,16,11,3,112.26,12,153.16,-40.9,L,,True
2024,16,12,3,153.16,11,112.26,40.9,W,,True
2024,17,1,4,127.64,7,137.2,-9.56,L,,True
2024,17,2,1,155.26,3,147.28,7.98,W,,True
2024,17,3,1,147.28,2,155.26,-7.98,L,,True
2024,17,4,2,126.94,9,128.98,-2.04,L,,True
2024,17,5,5,142.12,8,167.4,-25.28,L,,True
2024,17,6,,68.56,,,,,,True
2024,17,7,4,137.2,1,127.64,9.56,W,,True
2024,17,8,5,167.4,5,142.12,25.28,W,,True
2024,17,9,2,128.98,4,126.94,2.04,W,,True
2024,17,10,,126.88,,,,,,True
2024,17,11,,59.9,,,,,,True
2024,17,12,,120.48,,,,,,True
2025,1,1,5,113.84,8,86.38,27.46,W,W,False
2025,1,2,1,98.4,10,111.34,-12.94,L,L,False
2025,1,3,4,108.94,5,100.0,8.94,W,L,False
2025,1,4,6,129.64,7,106.46,23.18,W,W,False
2025,1,5,4,100.0,3,108.94,-8.94,L,L,False
2025,1,6,2,127.84,12,63.14,64.7,W,W,False
2025,1,7,6,106.46,4,129.64,-23.18,L,L,False
2025,1,8,5,86.38,1,113.84,-27.46,L,L,False
2025,1,9,3,119.76,11,126.34,-6.58,L,W,False
2025,1,10,1,111.34,2,98.4,12.94,W,W,False
2025,1,11,3,126.34,9,119.76,6.58,W,W,False
2025,1,12,2,63.14,6,127.84,-64.7,L,L,False
2025,2,1,6,105.42,7,124.02,-18.6,L,L,False
2025,2,2,2,116.34,6,111.26,5.08,W,W,False
2025,2,3,4,105.9,11,121.92,-16.02,L,L,False
2025,2,4,5,104.04,8,123.74,-19.7,L,L,False
2025,2,5,3,131.04,9,130.7,0.34,W,W,False
2025,2,6,2,111.26,2,116.34,-5.08,L,L,False
2025,2,7,6,124.02,1,105.42,18.6,W,W,False
2025,2,8,5,123.74,4,104.04,19.7,W,W,False
2025,2,9,3,130.7,5,131.04,-0.34,L,W,False
2025,2,10,1,107.72,12,112.28,-4.56,L,L,False
2025,2,11,4,121.92,3,105.9,16.02,W,W,False
2025,2,12,1,112.28,10,107.72,4.56,W,L,False
2025,3,1,6,163.18,4,122.8,40.38,W,W,False
2025,3,2,2,100.16,12,107.42,-7.26,L,L,False
2025,3,3,3,126.32,9,139.54,-13.22,L,W,False
2025,3,4,6,122.8,1,163.18,-40.38,L,W,False
2025,3,5,4,141.7,11,108.82,32.88,W,W,False
2025,3,6,1,100.5,10,97.74,2.76,W,L,False
2025,3,7,5,92.06,8,111.16,-19.1,L,L,False
2025,3,8,5,111.16,7,92.06,19.1,W,W,False
2025,3,9,3,139.54,3,126.32,13.22,W,W,False
2025,3,10,1,97.74,6,100.5,-2.76,L,L,False
2025,3,11,4,108.82,5,141.7,-32.88,L,L,False
2025,3,12,2,107.42,2,100.16,7.26,W,L,False
2025,4,1,4,130.44,6,140.64,-10.2,L,W,False
2025,4,2,2,116.18,11,125.3,-9.12,L,L,False
2025,4,3,6,112.2,7,167.38,-55.18,L,L,False
2025,4,4,5,118.28,5,96.5,21.78,W,L,False
2025,4,5,5,96.5,4,118.28,-21.78,L,L,False
2025,4,6,4,140.64,1,130.44,10.2,W,W,False
2025,4,7,6,167.38,3,112.2,55.18,W,W,False
2025,4,8,3,106.38,12,92.28,14.1,W,L,False
2025,4,9,1,140.06,10,129.9,10.16,W,W,False
2025,4,10,1,129.9,9,140.06,-10.16,L,W,False
2025,4,11,2,125.3,2,116.18,9.12,W,W,False
2025,4,12,3,92.28,8,106.38,-14.1,L,L,False
2025,5,1,3,77.64,12,118.96,-41.32,L,L,False
2025,5,2,2,132.36,9,180.08,-47.72,L,W,False
2025,5,3,6,81.8,4,141.36,-59.56,L,L,False
2025,5,4,6,141.36,3,81.8,59.56,W,W,False
2025,5,5,5,102.6,7,144.8,-42.2,L,L,False
2025,5,6,4,142.78,8,98.32,44.46,W,W,False
2025,5,7,5,144.8,5,102.6,42.2,W,W,False
2025,5,8,4,98.32,6,142.78,-44.46,L,L,False
2025,5,9,2,180.08,2,132.36,47.72,W,W,False
2025,5,10,1,96.26,11,132.66,-36.4,L,L,False
2025,5,11,1,132.66,10,96.26,36.4,W,W,False
2025,5,12,3,118.96,1,77.64,41.32,W,L,False
2025,6,1,6,123.76,11,129.22,-5.46,L,W,False
2025,6,2,2,114.78,3,97.84,16.94,W,W,False
2025,6,3,2,97.84,2,114.78,-16.94,L,L,False
2025,6,4,3,121.04,12,98.7,22.34,W,W,False
2025,6,5,1,96.0,10,123.84,-27.84,L,L,False
2025,6,6,4,133.4,7,83.16,50.24,W,W,False
2025,6,7,4,83.16,6,133.4,-50.24,L,L,False
2025,6,8,5,96.02,9,106.6,-10.58,L,L,False
2025,6,9,5,106.6,8,96.02,10.58,W,L,False
2025,6,10,1,123.84,5,96.0,27.84,W,W,False
2025,6,11,6,129.22,1,123.76,5.46,W,W,False
2025,6,12,3,98.7,4,121.04,-22.34,L,L,False
2025,7,1,5,119.38,9,133.22,-13.84,L,L,False
2025,7,2,2,137.84,5,74.12,63.72,W,W,False
2025,7,3,1,118.2,10,96.28,21.92,W,L,False
2025,7,4,4,106.06,6,120.1,-14.04,L,L,False
2025,7,5,2,74.12,2,137.84,-63.72,L,L,False
2025,7,6,4,120.1,4,106.06,14.04,W,W,False
2025,7,7,3,136.1,12,88.98,47.12,W,W,False
2025,7,8,6,134.36,11,122.0,12.36,W,W,False
2025,7,9,5,133.22,1,119.38,13.84,W,W,False
2025,7,10,1,96.28,3,118.2,-21.92,L,L,False
2025,7,11,6,122.0,8,134.36,-12.36,L,W,False
2025,7,12,3,88.98,7,136.1,-47.12,L,L,False
2025,8,1,2,97.92,2,109.9,-11.98,L,L,False
2025,8,2,2,109.9,1,97.92,11.98,W,W,False
2025,8,3,4,101.32,6,125.92,-24.6,L,L,False
2025,8,4,5,56.68,9,128.48,-71.8,L,L,False
2025,8,5,3,104.22,12,104.88,-0.66,L,L,False
2025,8,6,4,125.92,3,101.32,24.6,W,W,False
2025,8,7,6,160.94,11,126.72,34.22,W,W,False
2025,8,8,1,128.58,10,62.8,65.78,W,W,False
2025,8,9,5,128.48,4,56.68,71.8,W,W,False
2025,8,10,1,62.8,8,128.58,-65.78,L,L,False
2025,8,11,6,126.72,7,160.94,-34.22,L,W,False
2025,8,12,3,104.88,5,104.22,0.66,W,L,False
2025,9,1,1,151.48,10,120.26,31.22,W,W,False
2025,9,2,2,132.76,8,89.3,43.46,W,W,False
2025,9,3,3,128.06,12,92.56,35.5,W,W,False
2025,9,4,6,88.64,11,74.12,14.52,W,L,False
2025,9,5,4,116.6,6,111.02,5.58,W,W,False
2025,9,6,4,111.02,5,116.6,-5.58,L,L,False
2025,9,7,5,97.56,9,130.84,-33.28,L,L,False
2025,9,8,2,89.3,2,132.76,-43.46,L,L,False
2025,9,9,5,130.84,7,97.56,33.28,W,W,False
2025,9,10,1,120.26,1,151.48,-31.22,L,W,False
2025,9,11,6,74.12,4,88.64,-14.52,L,L,False
2025,9,12,3,92.56,3,128.06,-35.5,L,L,False
2025,10,1,6,118.56,3,131.34,-12.78,L,L,False
2025,10,2,2,128.16,7,77.46,50.7,W,W,False
2025,10,3,6,131.34,1,118.56,12.78,W,W,False
2025,10,4,1,123.4,10,134.72,-11.32,L,L,False
2025,10,5,5,107.48,8,104.36,3.12,W,L,False
2025,10,6,4,141.56,11,113.62,27.94,W,W,False
2025,10,7,2,77.46,2,128.16,-50.7,L,L,False
2025,10,8,5,104.36,5,107.48,-3.12,L,L,False
2025,10,9,3,141.62,12,126.0,15.62,W,W,False
2025,10,10,1,134.72,4,123.4,11.32,W,W,False
2025,10,11,4,113.62,6,141.56,-27.94,L,L,False
2025,10,12,3,126.0,9,141.62,-15.62,L,W,False
2025,11,1,5,162.56,5,89.4,73.16,W,W,False
2025,11,2,2,122.16,4,83.02,39.14,W,W,False
2025,11,3,6,50.56,8,166.24,-115.68,L,L,False
2025,11,4,2,83.02,2,122.16,-39.14,L,L,False
2025,11,5,5,89.4,1,162.56,-73.16,L,L,False
2025,11,6,4,90.02,9,89.62,0.4,W,W,False
2025,11,7,1,101.54,10,111.9,-10.36,L,W,False
2025,11,8,6,166.24,3,50.56,115.68,W,W,False
2025,11,9,4,89.62,6,90.02,-0.4,L,L,False
2025,11,10,1,111.9,7,101.54,10.36,W,W,False
2025,11,11,3,87.58,12,61.06,26.52,W,L,False
2025,11,12,3,61.06,11,87.58,-26.52,L,L,False
2025,12,1,5,146.3,8,123.4,22.9,W,W,False
2025,12,2,1,118.12,10,80.2,37.92,W,W,False
2025,12,3,4,94.82,5,84.64,10.18,W,L,False
2025,12,4,6,80.4,7,102.72,-22.32,L,L,False
2025,12,5,4,84.64,3,94.82,-10.18,L,L,False
2025,12,6,2,157.08,12,133.68,23.4,W,W,False
2025,12,7,6,102.72,4,80.4,22.32,W,L,False
2025,12,8,5,123.4,1,146.3,-22.9,L,W,False
2025,12,9,3,121.32,11,104.54,16.78,W,W,False
2025,12,10,1,80.2,2,118.12,-37.92,L,L,False
2025,12,11,3,104.54,9,121.32,-16.78,L,L,False
2025,12,12,2,133.68,6,157.08,-23.4,L,W,False
2025,13,1,6,133.76,7,89.92,43.84,W,W,False
2025,13,2,2,133.18,6,117.12,16.06,W,W,False
2025,13,3,4,99.48,11,101.88,-2.4,L,L,False
2025,13,4,5,113.06,8,127.9,-14.84,L,W,False
2025,13,5,3,89.38,9,81.16,8.22,W,L,False
2025,13,6,2,117.12,2,133.18,-16.06,L,W,False
2025,13,7,6,89.92,1,133.76,-43.84,L,L,False
2025,13,8,5,127.9,4,113.06,14.84,W,W,False
2025,13,9,3,81.16,5,89.38,-8.22,L,L,False
2025,13,10,1,104.12,12,68.36,35.76,W,W,False
2025,13,11,4,101.88,3,99.48,2.4,W,L,False
2025,13,12,1,68.36,10,104.12,-35.76,L,L,False
2025,14,1,1,140.48,6,148.82,-8.34,L,W,False
2025,14,2,2,105.64,9,96.84,8.8,W,L,False
2025,14,3,3,114.32,4,115.34,-1.02,L,W,False
2025,14,4,3,115.34,3,114.32,1.02,W,W,False
2025,14,5,6,94.12,12,93.78,0.34,W,L,False
2025,14,6,1,148.82,1,140.48,8.34,W,W,False
2025,14,7,4,70.62,11,129.96,-59.34,L,L,False
2025,14,8,5,89.52,10,106.36,-16.84,L,L,False
2025,14,9,2,96.84,2,105.64,-8.8,L,L,False
2025,14,10,5,106.36,8,89.52,16.84,W,W,False
2025,14,11,4,129.96,7,70.62,59.34,W,W,False
2025,14,12,6,93.78,5,94.12,-0.34,L,L,False
2025,15,1,1,143.98,11,97.86,46.12,W,,True
2025,15,2,,112.56,,,,,,True
2025,15,3,4,112.8,5,114.64,-1.84,L,,True
2025,15,4,5,115.18,12,132.04,-16.86,L,,True
2025,15,5,4,114.64,3,112.8,1.84,W,,True
2025,15,6,,117.74,,,,,,True
2025,15,7,,118.38,,,,,,True
2025,15,8,2,116.96,9,107.68,9.28,W,,True
2025,15,9,2,107.68,8,116.96,-9.28,L,,True
2025,15,10,,139.42,,,,,,True
2025,15,11,1,97.86,1,143.98,-46.12,L,,True
2025,15,12,5,132.04,4,115.18,16.86,W,,True
2025,16,1,1,84.82,6,168.64,-83.82,L,,True
2025,16,2,2,165.76,8,104.34,61.42,W,,True
2025,16,3,6,100.84,4,100.78,0.06,W,,True
2025,16,4,6,100.78,3,100.84,-0.06,L,,True
2025,16,5,4,100.22,10,104.3,-4.08,L,,True
2025,16,6,1,168.64,1,84.82,83.82,W,,True
2025,16,7,5,117.28,12,69.28,48.0,W,,True
2025,16,8,2,104.34,2,165.76,-61.42,L,,True
2025,16,9,3,149.0,11,133.6,15.4,W,,True
2025,16,10,4,104.3,5,100.22,4.08,W,,True
2025,16,11,3,133.6,9,149.0,-15.4,L,,True
2025,16,12,5,69.28,7,117.28,-48.0,L,,True
2025,17,1,2,93.16,8,67.06,26.1,W,,True
2025,17,2,1,172.02,6,120.44,51.58,W,,True
2025,17,3,,49.04,,,,,,True
2025,17,4,,106.82,,,,,,True
2025,17,5,5,120.0,12,96.44,23.56,W,,True
2025,17,6,1,120.44,2,172.02,-51.58,L,,True
2025,17,7,4,130.96,10,116.06,14.9,W,,True
2025,17,8,2,67.06,1,93.16,-26.1,L,,True
2025,17,9,,105.3,,,,,,True
2025,17,10,4,116.06,7,130.96,-14.9,L,,True
2025,17,11,,104.12,,,,,,True
2025,17,12,5,96.44,5,120.0,-23.56,L,,True
2026,1,1,6,195.12,11,108.82,86.3,W,W,False
2026,1,2,4,162.52,12,173.52,-11.0,L,W,False
2026,1,3,1,97.58,5,107.36,-9.78,L,L,False
2026,1,4,5,136.88,9,146.32,-9.44,L,W,False
2026,1,5,1,107.36,3,97.58,9.78,W,L,False
2026,1,6,2,157.44,8,116.1,41.34,W,W,False
2026,1,7,3,89.02,10,109.54,-20.52,L,L,False
2026,1,8,2,116.1,6,157.44,-41.34,L,L,False
2026,1,9,5,146.32,4,136.88,9.44,W,W,False
2026,1,10,3,109.54,7,89.02,20.52,W,L,False
2026,1,11,6,108.82,1,195.12,-86.3,L,L,False
2026,1,12,4,173.52,2,162.52,11.0,W,W,False
2026,2,1,5,126.5,12,110.18,16.32,W,L,False
2026,2,2,3,119.34,6,131.64,-12.3,L,L,False
2026,2,3,1,129.8,8,127.26,2.54,W,W,False
2026,2,4,6,108.3,11,125.88,-17.58,L,L,False
2026,2,5,2,84.08,10,154.18,-70.1,L,L,False
2026,2,6,3,131.64,2,119.34,12.3,W,W,False
2026,2,7,4,130.24,9,141.7,-11.46,L,W,False
2026,2,8,1,127.26,3,129.8,-2.54,L,W,False
2026,2,9,4,141.7,7,130.24,11.46,W,W,False
2026,2,10,2,154.18,5,84.08,70.1,W,W,False
2026,2,11,6,125.88,4,108.3,17.58,W,L,False
2026,2,12,5,110.18,1,126.5,-16.32,L,L,False
2026,3,1,4,117.16,6,135.84,-18.68,L,L,False
2026,3,2,2,118.34,8,145.18,-26.84,L,L,False
2026,3,3,1,116.14,10,126.12,-9.98,L,L,False
2026,3,4,6,147.02,12,142.12,4.9,W,W,False
2026,3,5,3,98.82,9,132.64,-33.82,L,L,False
2026,3,6,4,135.84,1,117.16,18.68,W,W,False
2026,3,7,5,102.36,11,109.18,-6.82,L,L,False
2026,3,8,2,145.18,2,118.34,26.84,W,W,False
2026,3,9,3,132.64,5,98.82,33.82,W,W,False
2026,3,10,1,126.12,3,116.14,9.98,W,W,False
2026,3,11,5,109.18,7,102.36,6.82,W,L,False
2026,3,12,6,142.12,4,147.02,-4.9,L,W,False
