season,roster_id,owner_id,co_owners,display_name,team_name
2026,1,459440997709901824,[],JDaddio,QB Whore No More
2026,2,473999707274735616,[],jryan7,Downs bad
2026,3,603313262934695936,[],Datwell1,CTE Squad
2026,4,603665020093538304,[],jsmetz97,Tight End University
2026,5,472464921578172416,[],bird10039,Burrow UrFace N My Butker
2026,6,346052121806008320,[],RepentOrParish,Lawrence & Order: SNU
2026,7,603749566180823040,[],Coryv9,The Fantasy Substation
2026,8,604089510644473856,[],notdavidcaravas,The Trade Slut
2026,9,604134004794404864,[],ShamParker,I have Mommy Issues
2026,10,604354148099489792,[],stevevz111,Fantasy Pros’ #1 Opp
2026,11,604435599348260864,[],nicholascole121,Achane's Smoked
2026,12,714708853345845248,[],RubyRich,Love Fannin Young Browns
