transaction_id,season,week,asset_order,asset,sender_roster_id,receiver_roster_id,faab_amount,pick_season,pick_round,pick_original_roster_id,created_at
622972766441787392,2020,6,0,faab,2,3,1,,,,2020-10-16 19:26:31.095000-04:00
623026702737547264,2020,6,0,faab,10,6,25,,,,2020-10-16 23:00:50.510000-04:00
623278959924174848,2020,6,0,faab,7,2,5,,,,2020-10-17 15:43:13.310000-04:00
630018205439578112,2020,9,0,faab,11,4,15,,,,2020-11-05 05:02:34.650000-05:00
630118785587712000,2020,9,0,faab,9,10,5,,,,2020-11-05 11:42:14.826000-05:00
630582949900783616,2020,9,0,faab,6,9,5,,,,2020-11-06 18:26:40.222000-05:00
634443714349039616,2020,10,0,faab,11,2,3,,,,2020-11-17 10:07:58.196000-05:00
634532168697184256,2020,10,0,faab,5,9,4,,,,2020-11-17 15:59:27.356000-05:00
634536663829266432,2020,10,0,faab,11,4,5,,,,2020-11-17 16:17:19.079000-05:00
635266145632489472,2020,11,0,faab,8,4,10,,,,2020-11-19 16:36:01.094000-05:00
635294057526124544,2020,11,0,faab,3,8,4,,,,2020-11-19 18:26:55.808000-05:00
635313270324064256,2020,11,0,faab,5,4,8,,,,2020-11-19 19:43:16.496000-05:00
635335596063268864,2020,11,0,faab,2,6,1,,,,2020-11-19 21:11:59.367000-05:00
636637254424543232,2020,11,0,faab,1,10,6,,,,2020-11-23 11:24:18.904000-05:00
637064131458957312,2020,11,0,faab,6,2,2,,,,2020-11-24 15:40:34.320000-05:00
637323859992875008,2020,12,0,faab,7,2,3,,,,2020-11-25 08:52:38.428000-05:00
637327792576483328,2020,12,0,faab,1,8,10,,,,2020-11-25 09:08:16.030000-05:00
637701379435192320,2020,12,0,faab,10,2,2,,,,2020-11-26 09:52:46.077000-05:00
638239930711109632,2020,12,0,faab,4,8,8,,,,2020-11-27 21:32:46.707000-05:00
638477294016532480,2020,12,0,faab,9,1,1,,,,2020-11-28 13:15:58.529000-05:00
638557084408942592,2020,12,0,faab,5,4,2,,,,2020-11-28 18:33:02.041000-05:00
638661979694804992,2020,12,0,faab,9,4,4,,,,2020-11-29 01:29:51.026000-05:00
638663284970586112,2020,12,0,faab,11,4,3,,,,2020-11-29 01:35:02.228000-05:00
639174293992853504,2020,12,0,faab,9,6,10,,,,2020-11-30 11:25:36.273000-05:00
639664726573387776,2020,12,0,faab,6,9,13,,,,2020-12-01 19:54:24.512000-05:00
641127186429968384,2020,13,0,faab,7,4,1,,,,2020-12-05 20:45:42.113000-05:00
643165572665806848,2020,14,0,faab,2,8,15,,,,2020-12-11 11:45:31.263000-05:00
741523086775586816,2021,1,0,faab,2,1,15,,,,2021-09-08 22:43:10.021000-04:00
741881603181359104,2021,1,0,faab,6,9,5,,,,2021-09-09 22:27:46.993000-04:00
742822364265840640,2021,1,0,faab,1,2,35,,,,2021-09-12 12:46:01.914000-04:00
743651920912244736,2021,1,0,faab,4,8,15,,,,2021-09-14 19:42:23.631000-04:00
743656325975805952,2021,1,0,faab,8,4,15,,,,2021-09-14 19:59:53.880000-04:00
743697395803619328,2021,1,0,faab,8,4,15,,,,2021-09-14 22:43:05.690000-04:00
743966045445992448,2021,2,0,faab,9,6,75,,,,2021-09-15 16:30:36.756000-04:00
743984921709776896,2021,2,0,faab,2,6,18,,,,2021-09-15 17:45:37.208000-04:00
746939349538705408,2021,3,0,faab,8,4,15,,,,2021-09-23 21:25:27.693000-04:00
749071306087100416,2021,4,0,faab,7,8,8,,,,2021-09-29 18:37:05.744000-04:00
751471009890226176,2021,5,0,faab,11,2,2,,,,2021-10-06 09:32:39.716000-04:00
753627464491757568,2021,5,0,faab,9,8,10,,,,2021-10-12 08:21:38.557000-04:00
753667161725202432,2021,5,0,faab,3,2,1,,,,2021-10-12 10:59:23.115000-04:00
755558506966716416,2021,6,0,faab,5,8,5,,,,2021-10-17 16:14:54.960000-04:00
755861714959974400,2021,6,0,faab,2,1,1,,,,2021-10-18 12:19:45.379000-04:00
755866467337146368,2021,6,0,faab,1,8,1,,,,2021-10-18 12:38:38.434000-04:00
755903211134644224,2021,6,0,faab,9,6,3,,,,2021-10-18 15:04:38.838000-04:00
755995711761756160,2021,6,0,faab,9,4,2,,,,2021-10-18 21:12:12.706000-04:00
761473982712180736,2021,8,0,faab,2,8,10,,,,2021-11-03 00:00:54.282000-04:00
762388561151528960,2021,9,0,faab,5,4,8,,,,2021-11-05 12:35:06.774000-04:00
763803483282505728,2021,9,0,faab,5,4,5,,,,2021-11-09 09:17:30.498000-05:00
764019425677594624,2021,9,0,faab,4,8,10,,,,2021-11-09 23:35:35.177000-05:00
764316863185448960,2021,10,0,faab,5,8,31,,,,2021-11-10 19:17:29.805000-05:00
767078479555584000,2021,11,0,faab,4,7,5,,,,2021-11-18 10:11:10.456000-05:00
768181564848107520,2021,11,0,faab,8,2,2,,,,2021-11-21 11:14:26.484000-05:00
768857902684450816,2021,11,0,faab,2,1,1,,,,2021-11-23 08:01:57.990000-05:00
768975910312460288,2021,11,0,faab,4,2,1,,,,2021-11-23 15:50:53.201000-05:00
771144187759411200,2021,12,0,faab,8,5,5,,,,2021-11-29 15:26:50.829000-05:00
771144242688094208,2021,12,0,faab,8,9,5,,,,2021-11-29 15:27:03.926000-05:00
771151908147757056,2021,12,0,faab,5,4,4,,,,2021-11-29 15:57:31.513000-05:00
771152179099787264,2021,12,0,faab,9,4,5,,,,2021-11-29 15:58:36.114000-05:00
771152715014385664,2021,12,0,faab,2,5,1,,,,2021-11-29 16:00:43.885000-05:00
771503312590753792,2021,12,0,faab,2,7,5,,,,2021-11-30 15:13:52.861000-05:00
780161271034163200,2021,16,0,faab,8,2,15,,,,2021-12-24 12:37:31.011000-05:00
780161420389273600,2021,16,0,faab,8,5,1,,,,2021-12-24 12:38:06.620000-05:00
780162212714110976,2021,16,0,faab,5,2,1,,,,2021-12-24 12:41:15.525000-05:00
875752555534270464,2022,2,0,faab,1,2,5,,,,2022-09-14 08:23:09.236000-04:00
875798134511525888,2022,2,0,faab,10,6,13,,,,2022-09-14 11:24:16.111000-04:00
876213215296675840,2022,2,0,faab,11,4,10,,,,2022-09-15 14:53:39.082000-04:00
877604510317658112,2022,2,0,faab,1,8,10,,,,2022-09-19 11:02:09.664000-04:00
877645160622800896,2022,2,0,faab,9,6,50,,,,2022-09-19 13:43:41.452000-04:00
878122431682899968,2022,2,0,faab,4,6,26,,,,2022-09-20 21:20:11.740000-04:00
881167782258184192,2022,4,0,faab,2,8,15,,,,2022-09-29 07:01:19.897000-04:00
881200672123584512,2022,4,0,faab,8,6,14,,,,2022-09-29 09:12:01.452000-04:00
881202387556229120,2022,4,0,faab,6,5,1,,,,2022-09-29 09:18:50.443000-04:00
881290107674632192,2022,4,0,faab,9,6,55,,,,2022-09-29 15:07:24.549000-04:00
881305257844617216,2022,4,0,faab,9,8,14,,,,2022-09-29 16:07:36.631000-04:00
881309512169095168,2022,4,0,faab,9,6,11,,,,2022-09-29 16:24:30.941000-04:00
883539298668978176,2022,5,0,faab,1,6,3,,,,2022-10-05 20:04:53.470000-04:00
883543629963247616,2022,5,0,faab,8,4,25,,,,2022-10-05 20:22:06.131000-04:00
887054486370312192,2022,6,0,faab,8,3,15,,,,2022-10-15 12:52:59.527000-04:00
889589649486761984,2022,7,0,faab,2,10,5,,,,2022-10-22 12:46:49.515000-04:00
889627714703794176,2022,7,0,faab,8,2,5,,,,2022-10-22 15:18:04.970000-04:00
889631355552714752,2022,7,0,faab,2,1,5,,,,2022-10-22 15:32:33.016000-04:00
891007709745487872,2022,8,0,faab,10,6,2,,,,2022-10-26 10:41:41.427000-04:00
891015800373354496,2022,8,0,faab,2,8,23,,,,2022-10-26 11:13:50.383000-04:00
891488863594532864,2022,8,0,faab,10,4,30,,,,2022-10-27 18:33:37.445000-04:00
891537640229597184,2022,8,0,faab,1,6,23,,,,2022-10-27 21:47:26.700000-04:00
892463579885244416,2022,8,0,faab,5,2,5,,,,2022-10-30 11:06:47.917000-04:00
893216411026186240,2022,8,0,faab,5,3,5,,,,2022-11-01 12:58:16.848000-04:00
893288133029089280,2022,8,0,faab,5,6,5,,,,2022-11-01 17:43:16.706000-04:00
895804662849347584,2022,9,0,faab,11,4,10,,,,2022-11-08 15:23:04.170000-05:00
896489854094102528,2022,10,0,faab,5,8,7,,,,2022-11-10 12:45:46.493000-05:00
897615037064372224,2022,10,0,faab,5,6,1,,,,2022-11-13 15:16:51.018000-05:00
898430882308894720,2022,10,0,faab,2,8,5,,,,2022-11-15 21:18:43.682000-05:00
898657497899085824,2022,11,0,faab,10,11,1,,,,2022-11-16 12:19:13.049000-05:00
898735361503731712,2022,11,0,faab,2,8,1,,,,2022-11-16 17:28:37.179000-05:00
898735361503731712,2022,11,1,faab,8,2,2,,,,2022-11-16 17:28:37.179000-05:00
898739226735374336,2022,11,0,faab,1,9,1,,,,2022-11-16 17:43:58.722000-05:00
898739732597723136,2022,11,0,faab,6,9,2,,,,2022-11-16 17:45:59.329000-05:00
898740721530793984,2022,11,0,faab,8,6,1,,,,2022-11-16 17:49:55.109000-05:00
902233427020214272,2022,12,0,faab,1,8,5,,,,2022-11-26 09:08:40.989000-05:00
902389528088825856,2022,12,0,faab,7,4,18,,,,2022-11-26 19:28:58.384000-05:00
902638733206532096,2022,12,0,faab,2,8,2,,,,2022-11-27 11:59:13.514000-05:00
904476774421950464,2022,13,0,faab,12,6,1,,,,2022-12-02 13:42:56.689000-05:00
904881737836957696,2022,13,0,faab,8,7,20,,,,2022-12-03 16:32:07.491000-05:00
906264429451243520,2022,14,0,faab,4,9,7,,,,2022-12-07 12:06:26.861000-05:00
1001253259392159744,2023,1,0,faab,1,8,21,,,,2023-08-26 15:58:08.726000-04:00
1003780396053561344,2023,1,0,faab,8,2,2,,,,2023-09-02 15:20:05.058000-04:00
1003800594269736960,2023,1,0,faab,4,8,15,,,,2023-09-02 16:40:20.688000-04:00
1004105701611937792,2023,1,0,faab,1,8,9,,,,2023-09-03 12:52:43.947000-04:00
1005363240186032128,2023,1,0,faab,9,4,40,,,,2023-09-07 00:09:44.507000-04:00
1005904821045551104,2023,1,0,faab,2,8,1,,,,2023-09-08 12:01:47.446000-04:00
1005905575143682048,2023,1,0,faab,8,3,1,,,,2023-09-08 12:04:47.237000-04:00
1007641530898354176,2023,2,0,faab,2,1,2,,,,2023-09-13 07:02:51.341000-04:00
1007708260692017152,2023,2,0,faab,2,8,60,,,,2023-09-13 11:28:00.964000-04:00
1007709875100577792,2023,2,0,faab,8,5,5,,,,2023-09-13 11:34:25.869000-04:00
1007717440031182848,2023,2,0,faab,11,8,1,,,,2023-09-13 12:04:29.489000-04:00
1007717440031182848,2023,2,1,faab,8,11,1,,,,2023-09-13 12:04:29.489000-04:00
1008032892222894080,2023,2,0,faab,10,11,41,,,,2023-09-14 08:57:59.152000-04:00
1008032892222894080,2023,2,1,faab,11,10,41,,,,2023-09-14 08:57:59.152000-04:00
1008152162750382080,2023,2,0,faab,1,10,17,,,,2023-09-14 16:51:55.462000-04:00
1008152162750382080,2023,2,1,faab,10,1,17,,,,2023-09-14 16:51:55.462000-04:00
1008600748002197504,2023,2,0,faab,1,6,10,,,,2023-09-15 22:34:26.520000-04:00
1010177482345086976,2023,3,0,faab,9,1,10,,,,2023-09-20 06:59:49.282000-04:00
1011132359202598912,2023,3,0,faab,7,5,7,,,,2023-09-22 22:14:09.665000-04:00
1012785541978439680,2023,4,0,faab,5,6,70,,,,2023-09-27 11:43:19.154000-04:00
1012957178765897728,2023,4,0,faab,4,9,10,,,,2023-09-27 23:05:20.553000-04:00
1014224640543842304,2023,4,0,faab,12,5,5,,,,2023-10-01 11:01:46.989000-04:00
1014713322681749504,2023,4,0,faab,2,8,1,,,,2023-10-02 19:23:37.890000-04:00
1015402539409309696,2023,5,0,faab,4,8,1,,,,2023-10-04 17:02:19.963000-04:00
1015402539409309696,2023,5,1,faab,8,4,4,,,,2023-10-04 17:02:19.963000-04:00
1015407762668433408,2023,5,0,faab,6,2,5,,,,2023-10-04 17:23:05.285000-04:00
1017634054566473728,2023,5,0,faab,5,4,7,,,,2023-10-10 20:49:34.636000-04:00
1017829056236077056,2023,6,0,faab,10,4,15,,,,2023-10-11 09:44:26.657000-04:00
1020045439372046336,2023,6,0,faab,2,8,20,,,,2023-10-17 12:31:33.575000-04:00
1020050971331850240,2023,6,0,faab,2,8,3,,,,2023-10-17 12:53:32.497000-04:00
1020505430503661568,2023,7,0,faab,9,8,10,,,,2023-10-18 18:59:24.007000-04:00
1020765585535356928,2023,7,0,faab,1,3,5,,,,2023-10-19 12:13:09.800000-04:00
1021201619024756736,2023,7,0,faab,8,5,1,,,,2023-10-20 17:05:48.285000-04:00
1025492441517998080,2023,9,0,faab,4,1,1,,,,2023-11-01 13:16:00.087000-04:00
1026381985922629632,2023,9,0,faab,6,9,10,,,,2023-11-04 00:10:44-04:00
1027249297781366784,2023,9,0,faab,8,2,1,,,,2023-11-06 08:37:07.261000-05:00
1027680870056288256,2023,9,0,faab,8,2,9,,,,2023-11-07 13:12:02.109000-05:00
1028086009919111168,2023,10,0,faab,8,1,10,,,,2023-11-08 16:01:54.980000-05:00
1030186950008930304,2023,10,0,faab,2,8,3,,,,2023-11-14 11:10:18.131000-05:00
1030334606328836096,2023,10,0,faab,4,9,1,,,,2023-11-14 20:57:02.141000-05:00
1030670418237108224,2023,11,0,faab,9,4,1,,,,2023-11-15 19:11:25.939000-05:00
1032130671902511104,2023,11,0,faab,4,7,1,,,,2023-11-19 19:53:57.543000-05:00
1032130671902511104,2023,11,1,faab,7,4,1,,,,2023-11-19 19:53:57.543000-05:00
1040439807064940544,2023,14,0,faab,10,4,1,,,,2023-12-12 18:11:29.742000-05:00
1139541246923546624,2024,2,0,faab,5,2,3,,,,2024-09-11 06:25:14.220000-04:00
1139634888665497600,2024,2,0,faab,3,8,20,,,,2024-09-11 12:37:20.151000-04:00
1139687099055239168,2024,2,0,faab,4,8,6,,,,2024-09-11 16:04:48.078000-04:00
1139699153912647680,2024,2,0,faab,9,8,25,,,,2024-09-11 16:52:42.180000-04:00
1140732512734609408,2024,2,0,faab,2,8,2,,,,2024-09-14 13:18:54.122000-04:00
1140766319865024512,2024,2,0,faab,6,4,20,,,,2024-09-14 15:33:14.370000-04:00
1141214397567799296,2024,2,0,faab,3,8,1,,,,2024-09-15 21:13:44.419000-04:00
1141777009778118656,2024,2,0,faab,4,2,2,,,,2024-09-17 10:29:21.623000-04:00
1141781269110616064,2024,2,0,faab,2,4,22,,,,2024-09-17 10:46:17.127000-04:00
1141844009179213824,2024,2,0,faab,2,4,20,,,,2024-09-17 14:55:35.525000-04:00
1141844193569099776,2024,2,0,faab,1,8,65,,,,2024-09-17 14:56:19.487000-04:00
1142133575966453760,2024,3,0,faab,1,4,26,,,,2024-09-18 10:06:13.627000-04:00
1142190113250983936,2024,3,0,faab,2,8,1,,,,2024-09-18 13:50:53.166000-04:00
1142211204195299328,2024,3,0,faab,4,8,4,,,,2024-09-18 15:14:41.639000-04:00
1142248867069562880,2024,3,0,faab,2,4,1,,,,2024-09-18 17:44:21.168000-04:00
1144289052917780480,2024,3,0,faab,9,7,40,,,,2024-09-24 08:51:19.379000-04:00
1144302156606996480,2024,3,0,faab,6,7,5,,,,2024-09-24 09:43:23.542000-04:00
1149079840277131264,2024,5,0,faab,2,1,1,,,,2024-10-07 14:08:12.094000-04:00
1149859373716664320,2024,6,0,faab,4,8,20,,,,2024-10-09 17:45:47.349000-04:00
1149866856711352320,2024,6,0,faab,3,4,40,,,,2024-10-09 18:15:31.434000-04:00
1151224539658194944,2024,6,0,faab,8,2,2,,,,2024-10-13 12:10:28.273000-04:00
1152247735970598912,2024,7,0,faab,5,1,10,,,,2024-10-16 07:56:17.284000-04:00
1152828764151017472,2024,7,0,faab,8,2,1,,,,2024-10-17 22:25:05.197000-04:00
1154800328995454976,2024,8,0,faab,4,11,3,,,,2024-10-23 08:59:22.886000-04:00
1156271774888452096,2024,8,0,faab,10,11,1,,,,2024-10-27 10:26:22.925000-04:00
1156271774888452096,2024,8,1,faab,11,10,1,,,,2024-10-27 10:26:22.925000-04:00
1157077299762925568,2024,8,0,faab,2,1,34,,,,2024-10-29 15:47:15.021000-04:00
1157363028825022464,2024,9,0,faab,6,9,11,,,,2024-10-30 10:42:38.138000-04:00
1158629408073388032,2024,9,0,faab,9,7,5,,,,2024-11-02 22:34:46.479000-04:00
1158852042946928640,2024,9,0,faab,8,1,2,,,,2024-11-03 12:19:26.769000-05:00
1159610238887268352,2024,9,0,faab,8,2,2,,,,2024-11-05 14:32:14.768000-05:00
1159624212793966592,2024,9,0,faab,1,2,2,,,,2024-11-05 15:27:46.407000-05:00
1159624212793966592,2024,9,1,faab,2,1,2,,,,2024-11-05 15:27:46.407000-05:00
1160029255372333056,2024,10,0,faab,12,4,20,,,,2024-11-06 18:17:16.083000-05:00
1161471146933567488,2024,10,0,faab,8,2,1,,,,2024-11-10 17:46:49.820000-05:00
1161813875155673088,2024,10,0,faab,4,8,5,,,,2024-11-11 16:28:42.596000-05:00
1162443488051593216,2024,11,0,faab,4,2,2,,,,2024-11-13 10:10:34.008000-05:00
1164679873621909504,2024,11,0,faab,7,2,1,,,,2024-11-19 14:17:09.878000-05:00
1164931579274342400,2024,12,0,faab,1,2,2,,,,2024-11-20 06:57:21.182000-05:00
1173324651528212480,2024,15,0,faab,2,9,1,,,,2024-12-13 10:48:25.543000-05:00
1266543195047591936,2025,1,0,faab,2,8,1,,,,2025-08-27 17:25:38.235000-04:00
1274070143642664960,2025,3,0,faab,4,8,25,,,,2025-09-17 11:55:02.624000-04:00
1274086758883020800,2025,3,0,faab,6,4,26,,,,2025-09-17 13:01:04.007000-04:00
1276261773724360704,2025,3,0,faab,1,6,5,,,,2025-09-23 13:03:47.955000-04:00
1279611453338288128,2025,5,0,faab,4,1,32,,,,2025-10-02 18:54:13.809000-04:00
1283239228003581952,2025,6,0,faab,2,8,1,,,,2025-10-12 19:09:42.689000-04:00
1287824272873517056,2025,8,0,faab,3,1,1,,,,2025-10-25 10:49:02.572000-04:00
1291439329205297152,2025,9,0,faab,2,4,4,,,,2025-11-04 09:13:59.167000-05:00
1295431878857195520,2025,11,0,faab,7,6,5,,,,2025-11-15 09:38:57.181000-05:00
1300649782938734592,2025,13,0,faab,8,2,3,,,,2025-11-29 19:13:02.459000-05:00
