season,transaction_id,week,roster_id,partner_roster_id,players_received,players,faab_received,starts,start_points,partner_start_points,margin,result
2020,612097393202147328,2,1,2,1,D'Andre Swift,0,0,0.0,0.0,0.0,even
2020,612097393202147328,2,2,1,1,Cam Akers,0,0,0.0,0.0,0.0,even
2020,613804911909515264,2,2,8,4,"Kenny Golladay, Nick Chubb, Preston Williams, Tyrod Taylor",0,10,141.1,297.56,-156.46,lost
2020,613804911909515264,2,8,2,4,"Derek Carr, Tyreek Hill, David Montgomery, Julio Jones",0,21,297.56,141.1,156.46,won
2020,614479699074195456,3,4,8,1,Jonnu Smith,0,6,44.4,19.5,24.9,won
2020,614479699074195456,3,8,4,1,J.K. Dobbins,0,3,19.5,44.4,-24.9,lost
2020,614514038273052672,3,1,7,1,Marvin Jones,0,0,0.0,34.6,-34.6,lost
2020,614514038273052672,3,7,1,1,D'Andre Swift,0,2,34.6,0.0,34.6,won
2020,615962868856492032,3,2,8,1,Marquise Brown,0,3,35.1,7.6,27.5,won
2020,615962868856492032,3,8,2,1,Antonio Gibson,0,1,7.6,35.1,-27.5,lost
2020,617410435188088832,4,2,3,2,"Nick Foles, Mark Ingram",0,3,20.56,31.8,-11.24,lost
2020,617410435188088832,4,3,2,2,"Jerick McKinnon, Philip Rivers",0,4,31.8,20.56,11.24,won
2020,618586307081564160,4,5,6,3,"Kenyan Drake, DJ Chark, Aaron Rodgers",0,16,290.64,104.22,186.42,won
2020,618586307081564160,4,6,5,3,"Carson Wentz, Christian McCaffrey, Tee Higgins",0,8,104.22,290.64,-186.42,lost
2020,619612694537908224,5,6,9,1,Devonta Freeman,0,1,15.7,43.52,-27.82,lost
2020,619612694537908224,5,9,6,1,Kyle Allen,0,3,43.52,15.7,27.82,won
2020,622750458993250304,6,4,8,2,"Myles Gaskin, Devin Singletary",0,3,25.3,0.0,25.3,won
2020,622750458993250304,6,8,4,1,Odell Beckham,0,1,0.0,25.3,-25.3,lost
2020,622836217410560000,6,1,8,2,"JuJu Smith-Schuster, Antonio Gibson",0,6,102.7,47.2,55.5,won
2020,622836217410560000,6,8,1,1,Clyde Edwards-Helaire,0,4,47.2,102.7,-55.5,lost
2020,622903041934295040,6,1,6,1,Christian McCaffrey,0,1,32.1,70.6,-38.5,lost
2020,622903041934295040,6,6,1,2,"JuJu Smith-Schuster, Kareem Hunt",0,7,70.6,32.1,38.5,won
2020,622972766441787392,6,2,3,1,Dalton Schultz,0,1,5.5,0.0,5.5,won
2020,622972766441787392,6,3,2,1,Alshon Jeffery,1,0,0.0,5.5,-5.5,lost
2020,623026702737547264,6,6,10,1,Henry Ruggs,25,0,0.0,7.0,-7.0,lost
2020,623026702737547264,6,10,6,1,Devonta Freeman,0,3,7.0,0.0,7.0,won
2020,623278959924174848,6,2,7,1,D'Ernest Johnson,5,0,0.0,25.76,-25.76,lost
2020,623278959924174848,6,7,2,1,Nick Foles,0,2,25.76,0.0,25.76,won
2020,624252630641737728,6,2,3,1,Alshon Jeffery,0,0,0.0,0.0,0.0,even
2020,624252630641737728,6,3,2,1,Dalton Schultz,0,0,0.0,0.0,0.0,even
2020,624638485252354048,7,1,2,1,Rob Gronkowski,0,6,56.7,0.0,56.7,won
2020,624638485252354048,7,2,1,1,Richard Rodgers,0,0,0.0,56.7,-56.7,lost
2020,627695699999473664,8,4,11,2,"Brandin Cooks, Josh Jacobs",0,1,12.9,71.2,-58.3,lost
2020,627695699999473664,8,11,4,2,"Chris Godwin, Myles Gaskin",0,6,71.2,12.9,58.3,won
2020,629470404850843648,8,2,7,1,Nick Foles,0,0,0.0,0.0,0.0,even
2020,629470404850843648,8,7,2,1,Alshon Jeffery,0,0,0.0,0.0,0.0,even
2020,630018205439578112,9,4,11,0,,15,0,0.0,6.4,-6.4,lost
2020,630018205439578112,9,11,4,1,Devin Singletary,0,2,6.4,0.0,6.4,won
2020,630094669551849472,9,1,7,1,Mike Davis,0,3,30.7,0.0,30.7,won
2020,630094669551849472,9,7,1,1,Zack Moss,0,0,0.0,30.7,-30.7,lost
2020,630110617579098112,9,2,3,1,Jerick McKinnon,0,2,19.4,5.3,14.1,won
2020,630110617579098112,9,3,2,1,Marquise Brown,0,1,5.3,19.4,-14.1,lost
2020,630118785587712000,9,9,10,2,"Tua Tagovailoa, Brandon Aiyuk",0,5,75.74,66.7,9.04,won
2020,630118785587712000,9,10,9,3,"Mike Evans, Hayden Hurst, Drew Lock",5,6,66.7,75.74,-9.04,lost
2020,630279259017162752,9,4,6,2,"Adam Thielen, Chase Edmonds",0,2,15.1,57.7,-42.6,lost
2020,630279259017162752,9,6,4,2,"Brandin Cooks, Josh Jacobs",0,4,57.7,15.1,42.6,won
2020,630301209961529344,9,5,6,3,"Brandin Cooks, JuJu Smith-Schuster, Dallas Goedert",0,4,46.3,24.8,21.5,won
2020,630301209961529344,9,6,5,2,"William Fuller, Hunter Henry",0,2,24.8,46.3,-21.5,lost
2020,630582949900783616,9,6,9,1,Jordan Howard,0,1,7.9,0.0,7.9,won
2020,630582949900783616,9,9,6,0,,5,0,0.0,7.9,-7.9,lost
2020,632476507142430720,10,4,5,3,"Leonard Fournette, JuJu Smith-Schuster, DJ Chark",0,4,34.8,81.0,-46.2,lost
2020,632476507142430720,10,5,4,3,"Adam Thielen, Sterling Shepard, Chase Edmonds",0,5,81.0,34.8,46.2,won
2020,633036252765077504,10,6,9,1,Allen Lazard,0,0,0.0,0.0,0.0,even
2020,633036252765077504,10,9,6,1,Hunter Henry,0,0,0.0,0.0,0.0,even
2020,634443714349039616,10,2,11,0,,3,0,0.0,30.1,-30.1,lost
2020,634443714349039616,10,11,2,1,Wayne Gallman,0,2,30.1,0.0,30.1,won
2020,634532168697184256,10,5,9,1,Hunter Henry,0,3,24.0,0.0,24.0,won
2020,634532168697184256,10,9,5,2,"Brandin Cooks, Dallas Goedert",4,0,0.0,24.0,-24.0,lost
2020,634536663829266432,10,4,11,0,,5,0,0.0,36.0,-36.0,lost
2020,634536663829266432,10,11,4,1,Jason Sanders,0,3,36.0,0.0,36.0,won
2020,634555304977178624,10,6,11,1,Matt Ryan,0,3,35.1,73.74,-38.64,lost
2020,634555304977178624,10,11,6,2,"Kirk Cousins, Rex Burkhead",0,4,73.74,35.1,38.64,won
2020,634557027695296512,10,7,11,1,Stefon Diggs,0,2,21.6,11.4,10.2,won
2020,634557027695296512,10,11,7,1,James Conner,0,1,11.4,21.6,-10.2,lost
2020,634560137415192576,10,1,4,1,DJ Chark,0,1,5.1,0.0,5.1,won
2020,634560137415192576,10,4,1,1,Jonathan Taylor,0,0,0.0,5.1,-5.1,lost
2020,634825810246733824,11,6,10,2,"Tom Brady, Christian Kirk",0,3,45.34,59.5,-14.16,lost
2020,634825810246733824,11,10,6,2,"William Fuller, Carson Wentz",0,3,59.5,45.34,14.16,won
2020,634954867126910976,11,2,8,1,Phillip Lindsay,0,0,0.0,0.0,0.0,even
2020,634954867126910976,11,8,2,1,Alexander Mattison,0,0,0.0,0.0,0.0,even
2020,635266145632489472,11,4,8,5,"Teddy Bridgewater, Tyreek Hill, Mike Gesicki, David Montgomery, Julio Jones",10,5,95.9,126.28,-30.38,lost
2020,635266145632489472,11,8,4,5,"Dalvin Cook, Jonnu Smith, Baker Mayfield, Travis Fulgham, Jonathan Taylor",0,10,126.28,95.9,30.38,won
2020,635269552992768000,11,4,9,1,Philip Rivers,0,0,0.0,14.88,-14.88,lost
2020,635269552992768000,11,9,4,1,Teddy Bridgewater,0,1,14.88,0.0,14.88,won
2020,635294057526124544,11,3,8,1,Clyde Edwards-Helaire,0,3,24.6,14.2,10.4,won
2020,635294057526124544,11,8,3,1,A.J. Brown,4,1,14.2,24.6,-10.4,lost
2020,635313270324064256,11,4,5,2,"Alex Smith, Chase Edmonds",8,1,12.9,132.22,-119.32,lost
2020,635313270324064256,11,5,4,3,"Philip Rivers, JuJu Smith-Schuster, David Montgomery",0,8,132.22,12.9,119.32,won
2020,636637254424543232,11,1,10,1,Drew Lock,0,0,0.0,13.8,-13.8,lost
2020,636637254424543232,11,10,1,1,Amari Cooper,6,1,13.8,0.0,13.8,won
2020,637064131458957312,11,2,6,0,,2,0,0.0,1.0,-1.0,lost
2020,637064131458957312,11,6,2,1,Cleveland Browns,0,1,1.0,0.0,1.0,won
2020,637323859992875008,12,2,7,0,,3,0,0.0,7.0,-7.0,lost
2020,637323859992875008,12,7,2,1,Gus Edwards,0,1,7.0,0.0,7.0,won
2020,637327792576483328,12,1,8,1,Derek Carr,0,2,34.34,14.7,19.64,won
2020,637327792576483328,12,8,1,1,Damien Harris,10,2,14.7,34.34,-19.64,lost
2020,637701379435192320,12,2,10,1,Carson Wentz,2,2,24.76,10.42,14.34,won
2020,637701379435192320,12,10,2,1,Daniel Jones,0,1,10.42,24.76,-14.34,lost
2020,638239930711109632,12,4,8,2,"A.J. Brown, Jonathan Taylor",0,0,0.0,12.4,-12.4,lost
2020,638239930711109632,12,8,4,2,"Chase Edmonds, Julio Jones",8,1,12.4,0.0,12.4,won
2020,638300583161311232,12,4,6,4,"Kareem Hunt, Tim Patrick, Allen Lazard, Jalen Reagor",0,2,13.4,64.4,-51.0,lost
2020,638300583161311232,12,6,4,3,"A.J. Brown, Jonathan Taylor, Michael Pittman",0,5,64.4,13.4,51.0,won
2020,638477294016532480,12,1,9,1,Joey Slye,1,0,0.0,21.0,-21.0,lost
2020,638477294016532480,12,9,1,1,Tyler Bass,0,2,21.0,0.0,21.0,won
2020,638557084408942592,12,4,5,1,Dallas Goedert,2,1,9.1,0.0,9.1,won
2020,638557084408942592,12,5,4,2,"Tim Patrick, Dalton Schultz",0,0,0.0,9.1,-9.1,lost
2020,638661979694804992,12,4,9,0,,4,0,0.0,-0.78,0.78,won
2020,638661979694804992,12,9,4,1,Kendall Hinton,0,1,-0.78,0.0,-0.78,lost
2020,638663284970586112,12,4,11,0,,3,0,0.0,4.3,-4.3,lost
2020,638663284970586112,12,11,4,1,Matt Breida,0,1,4.3,0.0,4.3,won
2020,639174293992853504,12,6,9,1,Cam Newton,10,1,23.56,0.0,23.56,won
2020,639174293992853504,12,9,6,1,Tom Brady,0,0,0.0,23.56,-23.56,lost
2020,639664726573387776,12,6,9,1,Duke Johnson,0,0,0.0,0.0,0.0,even
2020,639664726573387776,12,9,6,0,,13,0,0.0,0.0,0.0,even
2020,640056591114215424,12,9,10,1,DK Metcalf,0,1,10.5,11.4,-0.9,lost
2020,640056591114215424,12,10,9,3,"Teddy Bridgewater, Brandin Cooks, Terry McLaurin",0,2,11.4,10.5,0.9,won
2020,641127186429968384,13,4,7,1,Jerry Jeudy,1,1,1.0,0.0,1.0,won
2020,641127186429968384,13,7,4,1,Kerryon Johnson,0,0,0.0,1.0,-1.0,lost
2021,741523086775586816,1,1,2,1,Laviska Shenault,15,2,14.7,24.2,-9.5,lost
2021,741523086775586816,1,2,1,1,Corey Davis,0,3,24.2,14.7,9.5,won
2021,741881603181359104,1,6,9,1,Latavius Murray,0,0,0.0,0.0,0.0,even
2021,741881603181359104,1,9,6,1,Rashaad Penny,5,0,0.0,0.0,0.0,even
2021,742822364265840640,1,1,2,1,Ty'Son Williams,0,2,2.2,0.0,2.2,won
2021,742822364265840640,1,2,1,0,,35,0,0.0,2.2,-2.2,lost
2021,743651920912244736,1,4,8,2,"Davante Adams, Mike Davis",0,10,138.6,161.0,-22.4,lost
2021,743651920912244736,1,8,4,2,"Justin Jefferson, Antonio Gibson",15,13,161.0,138.6,22.4,won
2021,743966045445992448,2,6,9,0,,75,0,0.0,54.3,-54.3,lost
2021,743966045445992448,2,9,6,1,Courtland Sutton,0,4,54.3,0.0,54.3,won
2021,743984921709776896,2,2,6,1,Aaron Jones,0,10,141.5,141.9,-0.4,lost
2021,743984921709776896,2,6,2,2,"David Montgomery, Elijah Mitchell",18,10,141.9,141.5,0.4,won
2021,746074953257955328,2,6,9,2,"JuJu Smith-Schuster, Mac Jones",0,1,4.0,85.08,-81.08,lost
2021,746074953257955328,2,9,6,1,Joe Burrow,0,4,85.08,4.0,81.08,won
2021,746939349538705408,3,4,8,0,,15,0,0.0,0.0,0.0,even
2021,746939349538705408,3,8,4,1,AJ Dillon,0,0,0.0,0.0,0.0,even
2021,749071306087100416,4,7,8,2,"Sony Michel, Damien Harris",0,5,69.0,62.8,6.2,won
2021,749071306087100416,4,8,7,2,"Amari Cooper, Mark Ingram",8,5,62.8,69.0,-6.2,lost
2021,751101626156240896,4,7,12,2,"Marquise Brown, Chuba Hubbard",0,13,156.9,70.1,86.8,won
2021,751101626156240896,4,12,7,1,Brandin Cooks,0,8,70.1,156.9,-86.8,lost
2021,751471009890226176,5,2,11,0,,2,0,0.0,0.0,0.0,even
2021,751471009890226176,5,11,2,1,Alex Collins,0,0,0.0,0.0,0.0,even
2021,753627464491757568,5,8,9,1,Courtland Sutton,10,4,15.9,4.8,11.1,won
2021,753627464491757568,5,9,8,1,Michael Pittman,0,1,4.8,15.9,-11.1,lost
2021,753667161725202432,5,2,3,0,,1,0,0.0,0.0,0.0,even
2021,753667161725202432,5,3,2,1,Kenny Gainwell,0,0,0.0,0.0,0.0,even
2021,755558506966716416,6,5,8,1,Mark Ingram,0,3,34.2,0.0,34.2,won
2021,755558506966716416,6,8,5,1,David Johnson,5,0,0.0,34.2,-34.2,lost
2021,755662581234155520,6,1,8,1,Tua Tagovailoa,0,1,28.54,0.0,28.54,won
2021,755662581234155520,6,8,1,1,Tyler Boyd,0,0,0.0,28.54,-28.54,lost
2021,755851395596410880,6,2,10,2,"Patrick Mahomes, Devin Singletary",0,8,116.2,281.7,-165.5,lost
2021,755851395596410880,6,10,2,2,"Tom Brady, Deebo Samuel",0,14,281.7,116.2,165.5,won
2021,755861714959974400,6,1,2,1,Giovani Bernard,1,0,0.0,0.0,0.0,even
2021,755861714959974400,6,2,1,0,,0,0,0.0,0.0,0.0,even
2021,755866467337146368,6,1,8,1,David Johnson,0,0,0.0,0.0,0.0,even
2021,755866467337146368,6,8,1,0,,1,0,0.0,0.0,0.0,even
2021,755903211134644224,6,6,9,2,"Tyler Lockett, Josh Jacobs",3,12,137.3,117.8,19.5,won
2021,755903211134644224,6,9,6,3,"Damien Williams, David Montgomery, Terry McLaurin",0,12,117.8,137.3,-19.5,lost
2021,755918670630412288,6,2,9,2,"Rob Gronkowski, Michael Pittman",0,6,98.5,0.0,98.5,won
2021,755918670630412288,6,9,2,2,"Tyler Higbee, Julio Jones",0,0,0.0,98.5,-98.5,lost
2021,755920273743695872,6,4,9,3,"Joe Burrow, Jerry Jeudy, Julio Jones",0,9,136.22,28.52,107.7,won
2021,755920273743695872,6,9,4,2,"Antonio Brown, Trevor Lawrence",0,4,28.52,136.22,-107.7,lost
2021,755995711761756160,6,4,9,0,,2,0,0.0,0.0,0.0,even
2021,755995711761756160,6,9,4,1,Kenyan Drake,0,0,0.0,0.0,0.0,even
2021,756027700375998464,6,6,7,1,Sony Michel,0,0,0.0,10.3,-10.3,lost
2021,756027700375998464,6,7,6,1,Ricky Seals-Jones,0,2,10.3,0.0,10.3,won
2021,756031096558485504,6,6,9,2,"Sterling Shepard, Myles Gaskin",0,4,40.2,13.4,26.8,won
2021,756031096558485504,6,9,6,2,"Sony Michel, Henry Ruggs",0,3,13.4,40.2,-26.8,lost
2021,756598061286932480,7,9,12,2,"Mike Gesicki, Chase Claypool",0,7,52.5,31.8,20.7,won
2021,756598061286932480,7,12,9,2,"Kenyan Drake, Tyler Higbee",0,5,31.8,52.5,-20.7,lost
2021,756971140362141696,7,2,8,1,Tyler Boyd,0,1,9.3,2.7,6.6,won
2021,756971140362141696,7,8,2,1,Rondale Moore,0,1,2.7,9.3,-6.6,lost
2021,758914889317257216,7,4,9,1,Henry Ruggs,0,0,0.0,9.1,-9.1,lost
2021,758914889317257216,7,9,4,1,Mike Davis,0,1,9.1,0.0,9.1,won
2021,761105120737009664,8,7,9,2,"Laviska Shenault, Chase Claypool",0,1,11.9,0.0,11.9,won
2021,761105120737009664,8,9,7,2,"Allen Robinson, A.J. Green",0,0,0.0,11.9,-11.9,lost
2021,761400477169676288,8,1,8,2,"Justin Jefferson, AJ Dillon",0,9,174.96,28.7,146.26,won
2021,761400477169676288,8,8,1,2,"Calvin Ridley, Darrell Henderson",0,3,28.7,174.96,-146.26,lost
2021,761473982712180736,8,2,8,1,Antonio Gibson,0,5,71.1,49.1,22.0,won
2021,761473982712180736,8,8,2,1,Michael Pittman,10,5,49.1,71.1,-22.0,lost
2021,761642135714955264,9,5,7,1,Damien Harris,0,1,9.8,91.9,-82.1,lost
2021,761642135714955264,9,7,5,1,Diontae Johnson,0,6,91.9,9.8,82.1,won
2021,762377344731164672,9,2,4,2,"Jerry Jeudy, Julio Jones",0,4,27.0,43.1,-16.1,lost
2021,762377344731164672,9,4,2,1,Odell Beckham,0,3,43.1,27.0,16.1,won
2021,762388561151528960,9,4,5,0,,8,0,0.0,1.3,-1.3,lost
2021,762388561151528960,9,5,4,1,Khalil Herbert,0,1,1.3,0.0,1.3,won
2021,763803483282505728,9,4,5,0,,5,0,0.0,17.7,-17.7,lost
2021,763803483282505728,9,5,4,1,D'Onta Foreman,0,2,17.7,0.0,17.7,won
2021,764019425677594624,9,4,8,2,"Amari Cooper, Joe Mixon",0,6,92.5,18.6,73.9,won
2021,764019425677594624,9,8,4,2,"Davante Adams, Javonte Williams",10,1,18.6,92.5,-73.9,lost
2021,764316863185448960,10,5,8,2,"Davante Adams, Van Jefferson",0,6,108.7,34.2,74.5,won
2021,764316863185448960,10,8,5,2,"A.J. Brown, Damien Harris",31,4,34.2,108.7,-74.5,lost
2021,767078479555584000,11,4,7,1,Pat Freiermuth,0,3,25.4,0.0,25.4,won
2021,767078479555584000,11,7,4,0,,5,0,0.0,25.4,-25.4,lost
2021,768181564848107520,11,2,8,1,David Johnson,2,1,6.5,0.0,6.5,won
2021,768181564848107520,11,8,2,1,Devin Singletary,0,0,0.0,6.5,-6.5,lost
2021,768857902684450816,11,1,2,2,"Austin Ekeler, Marquez Valdes-Scantling",1,4,56.2,22.5,33.7,won
2021,768857902684450816,11,2,1,2,"Alvin Kamara, AJ Dillon",0,1,22.5,56.2,-33.7,lost
2021,768975910312460288,11,2,4,0,,1,0,0.0,20.36,-20.36,lost
2021,768975910312460288,11,4,2,1,Justin Fields,0,1,20.36,0.0,20.36,won
2021,771151908147757056,12,4,5,0,,4,0,0.0,0.0,0.0,even
2021,771151908147757056,12,5,4,1,Rashod Bateman,0,1,0.0,0.0,0.0,even
2021,771152179099787264,12,4,9,0,,5,0,0.0,9.2,-9.2,lost
2021,771152179099787264,12,9,4,1,Tevin Coleman,0,1,9.2,0.0,9.2,won
2021,771152715014385664,12,2,5,1,Emmanuel Sanders,0,0,0.0,0.0,0.0,even
2021,771152715014385664,12,5,2,0,,1,0,0.0,0.0,0.0,even
2021,771186877293510656,12,2,8,2,"A.J. Brown, Javonte Williams",0,2,47.6,36.9,10.7,won
2021,771186877293510656,12,8,2,2,"Aaron Jones, Jerry Jeudy",0,3,36.9,47.6,-10.7,lost
2021,771445536845955072,12,9,12,2,"Darren Waller, Dalvin Cook",0,1,34.7,45.2,-10.5,lost
2021,771445536845955072,12,12,9,2,"Mike Gesicki, Najee Harris",0,3,45.2,34.7,10.5,won
2021,771503312590753792,12,2,7,1,Chase Claypool,0,2,19.9,0.0,19.9,won
2021,771503312590753792,12,7,2,1,Dontrell Hilliard,5,0,0.0,19.9,-19.9,lost
2021,774326270325620736,14,2,5,1,Rashod Bateman,0,0,0.0,0.0,0.0,even
2021,774326270325620736,14,5,2,1,Julio Jones,0,0,0.0,0.0,0.0,even
2022,875483257456738304,1,2,8,1,Kenneth Walker,0,2,46.7,47.5,-0.8,lost
2022,875483257456738304,1,8,2,1,Christian Kirk,0,5,47.5,46.7,0.8,won
2022,875752555534270464,2,1,2,1,Dontrell Hilliard,0,0,0.0,0.0,0.0,even
2022,875752555534270464,2,2,1,0,,5,0,0.0,0.0,0.0,even
2022,875798134511525888,2,6,10,2,"Jeff Wilson, Marquise Brown",13,8,100.0,119.2,-19.2,lost
2022,875798134511525888,2,10,6,2,"Keenan Allen, Devin Singletary",0,11,119.2,100.0,19.2,won
2022,876213215296675840,2,4,11,1,Austin Ekeler,10,12,237.0,215.9,21.1,won
2022,876213215296675840,2,11,4,3,"Kareem Hunt, DK Metcalf, A.J. Brown",0,19,215.9,237.0,-21.1,lost
2022,877604510317658112,2,1,8,3,"Allen Robinson, Jameis Winston, George Kittle",0,12,107.62,44.0,63.62,won
2022,877604510317658112,2,8,1,3,"Darnell Mooney, Mac Jones, Kyle Pitts",10,6,44.0,107.62,-63.62,lost
2022,877645160622800896,2,6,9,2,"Clyde Edwards-Helaire, Trevor Lawrence",50,5,57.44,222.62,-165.18,lost
2022,877645160622800896,2,9,6,2,"Tom Brady, Jeff Wilson",0,15,222.62,57.44,165.18,won
2022,878122431682899968,2,4,6,1,Michael Gallup,0,1,0.0,0.0,0.0,even
2022,878122431682899968,2,6,4,0,,26,0,0.0,0.0,0.0,even
2022,878655551641415680,3,1,2,3,"James Conner, Darrel Williams, Michael Pittman",0,18,187.5,214.36,-26.86,lost
2022,878655551641415680,3,2,1,3,"Derrick Henry, Dontrell Hilliard, James Cook",0,11,214.36,187.5,26.86,won
2022,881167782258184192,4,2,8,1,Jahan Dotson,0,0,0.0,0.0,0.0,even
2022,881167782258184192,4,8,2,1,Corey Davis,15,0,0.0,0.0,0.0,even
2022,882733670627454976,4,1,11,1,Terry McLaurin,0,0,0.0,0.0,0.0,even
2022,882733670627454976,4,11,1,1,Tyler Allgeier,0,0,0.0,0.0,0.0,even
2022,883532552873594880,5,8,9,1,Garrett Wilson,0,2,5.7,110.8,-105.1,lost
2022,883532552873594880,5,9,8,1,Travis Etienne,0,9,110.8,5.7,105.1,won
2022,883539298668978176,5,1,6,1,Trevor Lawrence,0,9,173.14,32.6,140.54,won
2022,883539298668978176,5,6,1,2,"Jameis Winston, Terry McLaurin",3,3,32.6,173.14,-140.54,lost
2022,883543629963247616,5,4,8,1,Tony Pollard,25,6,138.3,92.38,45.92,won
2022,883543629963247616,5,8,4,2,"Jimmy Garoppolo, David Njoku",0,7,92.38,138.3,-45.92,lost
2022,887054486370312192,6,3,8,4,"Melvin Gordon, Christian McCaffrey, Mac Jones, Khalil Herbert",15,14,198.46,44.3,154.16,won
2022,887054486370312192,6,8,3,3,"Hunter Renfrow, Jonathan Taylor, Breece Hall",0,3,44.3,198.46,-154.16,lost
2022,889571219249459200,7,4,9,1,Alec Pierce,0,1,5.2,0.0,5.2,won
2022,889571219249459200,7,9,4,1,D'Onta Foreman,0,0,0.0,5.2,-5.2,lost
2022,889589649486761984,7,2,10,1,DJ Moore,0,0,0.0,0.0,0.0,even
2022,889589649486761984,7,10,2,0,,5,0,0.0,0.0,0.0,even
2022,889627714703794176,7,2,8,1,Hunter Renfrow,5,0,0.0,29.4,-29.4,lost
2022,889627714703794176,7,8,2,1,DJ Moore,0,2,29.4,0.0,29.4,won
2022,889631355552714752,7,1,2,1,Hunter Renfrow,5,0,0.0,0.0,0.0,even
2022,889631355552714752,7,2,1,1,Odell Beckham,0,0,0.0,0.0,0.0,even
2022,889954265169633280,7,6,9,2,"D'Onta Foreman, Alexander Mattison",0,6,79.8,62.3,17.5,won
2022,889954265169633280,7,9,6,1,Isiah Pacheco,0,6,62.3,79.8,-17.5,lost
2022,891007709745487872,8,6,10,2,"Aaron Jones, Justin Herbert",2,8,132.88,122.94,9.94,won
2022,891007709745487872,8,10,6,2,"Kyler Murray, Terry McLaurin",0,9,122.94,132.88,-9.94,lost
2022,891015800373354496,8,2,8,3,"Christian Kirk, Jonathan Taylor, Garrett Wilson",0,14,188.0,110.3,77.7,won
2022,891015800373354496,8,8,2,3,"Wan'Dale Robinson, Chris Olave, Kenneth Walker",23,9,110.3,188.0,-77.7,lost
2022,891488863594532864,8,4,10,2,"Brandon Aiyuk, Gabe Davis",30,5,48.0,36.7,11.3,won
2022,891488863594532864,8,10,4,2,"Ja'Marr Chase, Alec Pierce",0,2,36.7,48.0,-11.3,lost
2022,891490737026596864,8,6,9,2,"Romeo Doubs, Kyren Williams",0,2,16.5,14.3,2.2,won
2022,891490737026596864,8,9,6,2,"Curtis Samuel, J.K. Dobbins",0,2,14.3,16.5,-2.2,lost
2022,891537640229597184,8,1,6,1,Jameis Winston,0,0,0.0,22.6,-22.6,lost
2022,891537640229597184,8,6,1,2,"Allen Robinson, Mike Williams",23,2,22.6,0.0,22.6,won
2022,892463579885244416,8,2,5,0,,5,0,0.0,0.0,0.0,even
2022,892463579885244416,8,5,2,1,Odell Beckham,0,0,0.0,0.0,0.0,even
2022,893117660697833472,8,2,8,2,"Jimmy Garoppolo, Kadarius Toney",0,5,56.8,-3.04,59.84,won
2022,893117660697833472,8,8,2,1,P.J. Walker,0,1,-3.04,56.8,-59.84,lost
2022,893216411026186240,8,3,5,1,DeVonta Smith,5,6,65.5,38.36,27.14,won
2022,893216411026186240,8,5,3,1,Taylor Heinicke,0,4,38.36,65.5,-27.14,lost
2022,893288133029089280,8,5,6,1,Allen Robinson,0,1,12.7,0.0,12.7,won
2022,893288133029089280,8,6,5,0,,5,0,0.0,12.7,-12.7,lost
2022,893609812406124544,9,4,9,1,T.J. Hockenson,0,6,52.2,14.7,37.5,won
2022,893609812406124544,9,9,4,1,AJ Dillon,0,3,14.7,52.2,-37.5,lost
2022,895804662849347584,9,4,11,1,DK Metcalf,10,4,62.9,82.06,-19.16,lost
2022,895804662849347584,9,11,4,1,Geno Smith,0,4,82.06,62.9,19.16,won
2022,895921900017274880,9,6,8,1,D'Andre Swift,0,5,51.2,51.0,0.2,won
2022,895921900017274880,9,8,6,1,Aaron Jones,0,3,51.0,51.2,-0.2,lost
2022,896488250271821824,10,4,8,1,Gus Edwards,0,0,0.0,15.1,-15.1,lost
2022,896488250271821824,10,8,4,1,Gabe Davis,0,2,15.1,0.0,15.1,won
2022,896489854094102528,10,5,8,1,Brian Robinson,0,1,12.1,0.0,12.1,won
2022,896489854094102528,10,8,5,0,,7,0,0.0,12.1,-12.1,lost
2022,897615037064372224,10,5,6,1,John Wolford,0,0,0.0,0.0,0.0,even
2022,897615037064372224,10,6,5,0,,1,0,0.0,0.0,0.0,even
2022,898430882308894720,10,2,8,1,Wan'Dale Robinson,0,0,0.0,0.0,0.0,even
2022,898430882308894720,10,8,2,0,,5,0,0.0,0.0,0.0,even
2022,902233427020214272,12,1,8,1,Kyle Allen,0,1,9.8,0.0,9.8,won
2022,902233427020214272,12,8,1,1,Donovan Peoples-Jones,5,0,0.0,9.8,-9.8,lost
2022,902389528088825856,12,4,7,0,,18,0,0.0,52.98,-52.98,lost
2022,902389528088825856,12,7,4,1,Mike White,0,3,52.98,0.0,52.98,won
2022,902638733206532096,12,2,8,1,Sam Darnold,0,1,16.86,0.0,16.86,won
2022,902638733206532096,12,8,2,1,Carson Wentz,2,0,0.0,16.86,-16.86,lost
2022,902778085475422208,12,9,12,1,James Robinson,0,0,0.0,0.0,0.0,even
2022,902778085475422208,12,12,9,1,Bryce Perkins,0,0,0.0,0.0,0.0,even
2022,903314608520208384,12,2,3,1,Russell Wilson,0,0,0.0,11.8,-11.8,lost
2022,903314608520208384,12,3,2,1,Sam Darnold,0,1,11.8,0.0,11.8,won
2022,903771563088908288,13,1,2,1,Russell Wilson,0,2,35.24,0.0,35.24,won
2022,903771563088908288,13,2,1,1,Treylon Burks,0,0,0.0,35.24,-35.24,lost
2022,904447336510595072,13,2,8,2,"Dontrell Hilliard, Deon Jackson",0,1,0.0,8.8,-8.8,lost
2022,904447336510595072,13,8,2,1,Cam Akers,0,1,8.8,0.0,8.8,won
2022,904881737836957696,13,7,8,3,"David Njoku, Aaron Jones, Chris Olave",20,3,31.2,39.8,-8.6,lost
2022,904881737836957696,13,8,7,2,"Tyler Lockett, Rhamondre Stevenson",0,3,39.8,31.2,8.6,won
2022,905164278154776576,13,2,8,1,Gabe Davis,0,1,4.6,9.0,-4.4,lost
2022,905164278154776576,13,8,2,1,Treylon Burks,0,1,9.0,4.6,4.4,won
2022,906264429451243520,14,4,9,2,"J.K. Dobbins, AJ Dillon",0,0,0.0,0.0,0.0,even
2022,906264429451243520,14,9,4,2,"Dameon Pierce, Kenny Pickett",7,0,0.0,0.0,0.0,even
2023,1001253259392159744,1,1,8,1,Ryan Tannehill,0,0,0.0,0.0,0.0,even
2023,1001253259392159744,1,8,1,0,,21,0,0.0,0.0,0.0,even
2023,1003780396053561344,1,2,8,0,,2,0,0.0,0.0,0.0,even
2023,1003780396053561344,1,8,2,1,Hendon Hooker,0,0,0.0,0.0,0.0,even
2023,1003800594269736960,1,4,8,1,Deon Jackson,0,0,0.0,0.0,0.0,even
2023,1003800594269736960,1,8,4,1,Taylor Heinicke,15,0,0.0,0.0,0.0,even
2023,1004105701611937792,1,1,8,3,"Cooper Kupp, Rhamondre Stevenson, Sam Howell",0,32,438.64,243.5,195.14,won
2023,1004105701611937792,1,8,1,3,"Ryan Tannehill, Tony Pollard, Amon-Ra St. Brown",9,18,243.5,438.64,-195.14,lost
2023,1004142895521169408,1,2,8,2,"Ryan Tannehill, Cam Akers",0,4,52.4,21.32,31.08,won
2023,1004142895521169408,1,8,2,2,"Derek Carr, Tank Bigsby",0,2,21.32,52.4,-31.08,lost
2023,1005363240186032128,1,4,9,0,,40,0,0.0,9.1,-9.1,lost
2023,1005363240186032128,1,9,4,1,Jamaal Williams,0,2,9.1,0.0,9.1,won
2023,1005904821045551104,1,2,8,0,,0,0,0.0,0.0,0.0,even
2023,1005904821045551104,1,8,2,1,Clyde Edwards-Helaire,1,0,0.0,0.0,0.0,even
2023,1005905575143682048,1,3,8,1,Clyde Edwards-Helaire,1,0,0.0,0.0,0.0,even
2023,1005905575143682048,1,8,3,0,,0,0,0.0,0.0,0.0,even
2023,1005906429951291392,1,2,3,1,Clyde Edwards-Helaire,0,0,0.0,0.0,0.0,even
2023,1005906429951291392,1,3,2,0,,0,0,0.0,0.0,0.0,even
2023,1007641530898354176,2,1,2,0,,2,0,0.0,0.0,0.0,even
2023,1007641530898354176,2,2,1,1,Hunter Henry,0,0,0.0,0.0,0.0,even
2023,1007708260692017152,2,2,8,1,Terry McLaurin,0,10,106.3,0.0,106.3,won
2023,1007708260692017152,2,8,2,1,Aaron Rodgers,60,0,0.0,106.3,-106.3,lost
2023,1008600748002197504,2,1,6,1,Antonio Gibson,0,0,0.0,0.0,0.0,even
2023,1008600748002197504,2,6,1,0,,10,0,0.0,0.0,0.0,even
2023,1010177482345086976,3,1,9,0,,10,0,0.0,0.0,0.0,even
2023,1010177482345086976,3,9,1,1,Antonio Gibson,0,0,0.0,0.0,0.0,even
2023,1010375808323608576,3,8,11,1,Kirk Cousins,0,4,63.84,121.4,-57.56,lost
2023,1010375808323608576,3,11,8,2,"Derek Carr, Jerome Ford",0,10,121.4,63.84,57.56,won
2023,1011132359202598912,3,5,7,1,Sean Tucker,7,0,0.0,23.54,-23.54,lost
2023,1011132359202598912,3,7,5,1,Andy Dalton,0,1,23.54,0.0,23.54,won
2023,1012785541978439680,4,5,6,2,"Derrick Henry, Dallas Goedert",0,13,190.78,230.8,-40.02,lost
2023,1012785541978439680,4,6,5,3,"Kareem Hunt, Michael Pittman, Joshua Palmer",70,21,230.8,190.78,40.02,won
2023,1012957178765897728,4,4,9,2,"George Kittle, Romeo Doubs",0,6,51.4,56.8,-5.4,lost
2023,1012957178765897728,4,9,4,2,"Dalton Kincaid, David Montgomery",10,3,56.8,51.4,5.4,won
2023,1014224640543842304,4,5,12,0,,5,0,0.0,1.24,-1.24,lost
2023,1014224640543842304,4,12,5,1,Dorian Thompson-Robinson,0,1,1.24,0.0,1.24,won
2023,1014713322681749504,4,2,8,1,Luke Musgrave,0,0,0.0,0.0,0.0,even
2023,1014713322681749504,4,8,2,0,,1,0,0.0,0.0,0.0,even
2023,1015402539409309696,5,4,8,1,Kenny Gainwell,4,0,0.0,0.0,0.0,even
2023,1015402539409309696,5,8,4,1,Zach Charbonnet,1,0,0.0,0.0,0.0,even
2023,1015407762668433408,5,2,6,1,DK Metcalf,5,8,106.1,141.6,-35.5,lost
2023,1015407762668433408,5,6,2,2,"DJ Moore, Jameson Williams",0,9,141.6,106.1,35.5,won
2023,1017634054566473728,5,4,5,1,Ezekiel Elliott,7,0,0.0,4.5,-4.5,lost
2023,1017634054566473728,5,5,4,1,Curtis Samuel,0,1,4.5,0.0,4.5,won
2023,1017829056236077056,6,4,10,2,"Austin Ekeler, Joshua Kelley",15,6,78.6,137.8,-59.2,lost
2023,1017829056236077056,6,10,4,2,"Davante Adams, D'Andre Swift",0,15,137.8,78.6,59.2,won
2023,1017904736311304192,6,5,6,1,Justice Hill,0,1,5.0,0.0,5.0,won
2023,1017904736311304192,6,6,5,1,Keaontay Ingram,0,0,0.0,5.0,-5.0,lost
2023,1018925145412452352,6,1,8,2,"Jahmyr Gibbs, Zay Flowers",0,13,181.0,3.0,178.0,won
2023,1018925145412452352,6,8,1,3,"Tee Higgins, Mac Jones, Kenny Pickett",0,1,3.0,181.0,-178.0,lost
2023,1019802390084177920,6,7,8,2,"Amon-Ra St. Brown, Christian Watson",0,8,101.9,3.7,98.2,won
2023,1019802390084177920,6,8,7,2,"Joe Mixon, Justin Jefferson",0,1,3.7,101.9,-98.2,lost
2023,1020045439372046336,6,2,8,1,Mac Jones,0,4,50.62,0.0,50.62,won
2023,1020045439372046336,6,8,2,1,Cam Akers,20,0,0.0,50.62,-50.62,lost
2023,1020050971331850240,6,2,8,1,Zach Charbonnet,0,2,24.2,0.0,24.2,won
2023,1020050971331850240,6,8,2,0,,3,0,0.0,24.2,-24.2,lost
2023,1020051507355557888,6,7,8,1,Tyjae Spears,0,0,0.0,6.8,-6.8,lost
2023,1020051507355557888,6,8,7,1,Jahan Dotson,0,1,6.8,0.0,6.8,won
2023,1020505430503661568,7,8,9,3,"David Montgomery, Nico Collins, Brock Purdy",10,14,254.78,96.56,158.22,won
2023,1020505430503661568,7,9,8,4,"Kirk Cousins, Joe Mixon, Tee Higgins, Kenny Pickett",0,8,96.56,254.78,-158.22,lost
2023,1020720377749688320,7,7,9,2,"Kirk Cousins, Tee Higgins",0,4,52.46,64.0,-11.54,lost
2023,1020720377749688320,7,9,7,2,"Mark Andrews, Courtland Sutton",0,5,64.0,52.46,11.54,won
2023,1020747441701752832,7,4,5,2,"Tyson Bagent, Dallas Goedert",0,5,58.36,144.2,-85.84,lost
2023,1020747441701752832,7,5,4,2,"D'Onta Foreman, George Kittle",0,8,144.2,58.36,85.84,won
2023,1020765585535356928,7,1,3,1,Diontae Johnson,0,4,28.4,0.0,28.4,won
2023,1020765585535356928,7,3,1,0,,5,0,0.0,28.4,-28.4,lost
2023,1021201619024756736,7,5,8,1,Rashid Shaheed,1,0,0.0,0.0,0.0,even
2023,1021201619024756736,7,8,5,0,,0,0,0.0,0.0,0.0,even
2023,1025488033598083072,9,2,8,1,Jimmy Garoppolo,0,0,0.0,0.0,0.0,even
2023,1025488033598083072,9,8,2,1,Carson Wentz,0,0,0.0,0.0,0.0,even
2023,1025492441517998080,9,1,4,2,"Romeo Doubs, Garrett Wilson",1,2,23.3,41.22,-17.92,lost
2023,1025492441517998080,9,4,1,2,"Taylor Heinicke, Chris Godwin",0,5,41.22,23.3,17.92,won
2023,1026381985922629632,9,6,9,1,Aidan O'Connell,0,1,8.36,0.0,8.36,won
2023,1026381985922629632,9,9,6,1,Desmond Ridder,10,0,0.0,8.36,-8.36,lost
2023,1027249297781366784,9,2,8,2,"Clayton Tune, Mike White",1,0,0.0,0.0,0.0,even
2023,1027249297781366784,9,8,2,0,,0,0,0.0,0.0,0.0,even
2023,1027680870056288256,9,2,8,1,Donovan Peoples-Jones,9,0,0.0,11.4,-11.4,lost
2023,1027680870056288256,9,8,2,1,DeMario Douglas,0,1,11.4,0.0,11.4,won
2023,1028086009919111168,10,1,8,1,Ezekiel Elliott,10,1,23.5,0.0,23.5,won
2023,1028086009919111168,10,8,1,1,Zach Wilson,0,0,0.0,23.5,-23.5,lost
2023,1030186950008930304,10,2,8,1,DeMario Douglas,0,0,0.0,0.0,0.0,even
2023,1030186950008930304,10,8,2,0,,3,0,0.0,0.0,0.0,even
2023,1030334606328836096,10,4,9,1,Jaxon Smith-Njigba,0,1,4.5,7.0,-2.5,lost
2023,1030334606328836096,10,9,4,1,Dallas Goedert,1,1,7.0,4.5,2.5,won
2023,1030609272889069568,11,1,12,1,A.J. Brown,0,4,40.8,129.4,-88.6,lost
2023,1030609272889069568,11,12,1,3,"Kyler Murray, Garrett Wilson, Tank Dell",0,10,129.4,40.8,88.6,won
2023,1030670418237108224,11,4,9,1,Antonio Gibson,1,0,0.0,10.9,-10.9,lost
2023,1030670418237108224,11,9,4,1,Darrell Henderson,0,1,10.9,0.0,10.9,won
2023,1030903571543486464,11,2,8,1,Zach Wilson,0,1,6.74,0.0,6.74,won
2023,1030903571543486464,11,8,2,1,DeMario Douglas,0,0,0.0,6.74,-6.74,lost
2023,1031331378471747584,11,7,9,2,"Courtland Sutton, Kenny Pickett",0,5,53.7,58.32,-4.62,lost
2023,1031331378471747584,11,9,7,2,"Christian Watson, Bryce Young",0,4,58.32,53.7,4.62,won
2023,1032146691849609216,11,4,8,3,"David Montgomery, Puka Nacua, Josh Downs",0,8,84.9,10.6,74.3,won
2023,1032146691849609216,11,8,4,1,Austin Ekeler,0,2,10.6,84.9,-74.3,lost
2023,1035344386546049024,12,9,10,2,"Davante Adams, Javonte Williams",0,1,8.8,37.9,-29.1,lost
2023,1035344386546049024,12,10,9,1,Alvin Kamara,0,2,37.9,8.8,29.1,won
2023,1035398295037992960,12,7,9,6,"DeAndre Hopkins, Mike Evans, Joe Mixon, Jonathan Taylor, Javonte Williams, Will Levis",0,9,153.68,41.72,111.96,won
2023,1035398295037992960,12,9,7,6,"Joshua Dobbs, Aaron Jones, Saquon Barkley, Gabe Davis, Amon-Ra St. Brown, Tutu Atwell",0,6,41.72,153.68,-111.96,lost
2023,1035621013389688832,13,2,5,1,Mike White,0,0,0.0,0.0,0.0,even
2023,1035621013389688832,13,5,2,1,Mac Jones,0,0,0.0,0.0,0.0,even
2023,1035978493219147776,13,2,8,2,"James Cook, DeMario Douglas",0,0,0.0,0.0,0.0,even
2023,1035978493219147776,13,8,2,1,Marquise Brown,0,0,0.0,0.0,0.0,even
2023,1035993194674167808,13,2,8,1,Marquise Brown,0,0,0.0,0.0,0.0,even
2023,1035993194674167808,13,8,2,1,Terry McLaurin,0,1,0.0,0.0,0.0,even
2023,1036096145980186624,13,2,8,0,,0,0,0.0,0.0,0.0,even
2023,1036096145980186624,13,8,2,1,DeMario Douglas,0,0,0.0,0.0,0.0,even
2023,1036374292004601856,13,4,5,3,"Logan Thomas, Tua Tagovailoa, Najee Harris",0,5,45.3,63.24,-17.94,lost
2023,1036374292004601856,13,5,4,3,"Amari Cooper, Patrick Mahomes, James Conner",0,5,63.24,45.3,17.94,won
2023,1037447946784063488,13,2,8,1,Dorian Thompson-Robinson,0,0,0.0,0.0,0.0,even
2023,1037447946784063488,13,8,2,1,Roschon Johnson,0,0,0.0,0.0,0.0,even
2023,1037773657852092416,13,8,9,1,Christian Watson,0,0,0.0,0.0,0.0,even
2023,1037773657852092416,13,9,8,1,Terry McLaurin,0,0,0.0,0.0,0.0,even
2023,1039606815987912704,14,2,8,2,"Austin Ekeler, Los Angeles Rams",0,1,18.5,33.4,-14.9,lost
2023,1039606815987912704,14,8,2,2,"James Cook, Chris Olave",0,2,33.4,18.5,14.9,won
2023,1039608887177773056,14,7,8,1,Clyde Edwards-Helaire,0,1,7.8,0.0,7.8,won
2023,1039608887177773056,14,8,7,1,Kansas City Chiefs,0,0,0.0,7.8,-7.8,lost
2023,1040439807064940544,14,4,10,0,,1,0,0.0,0.0,0.0,even
2023,1040439807064940544,14,10,4,1,Jaxon Smith-Njigba,0,0,0.0,0.0,0.0,even
2024,1139263727431385088,1,4,8,3,"Dalton Kincaid, Jonathon Brooks, Chase Brown",0,2,7.0,141.6,-134.6,lost
2024,1139263727431385088,1,8,4,3,"Tony Pollard, Jake Ferguson, Romeo Doubs",0,12,141.6,7.0,134.6,won
2024,1139541246923546624,2,2,5,0,,3,0,0.0,0.0,0.0,even
2024,1139541246923546624,2,5,2,1,Malik Willis,0,0,0.0,0.0,0.0,even
2024,1139634888665497600,2,3,8,1,Jake Ferguson,0,9,79.6,0.0,79.6,won
2024,1139634888665497600,2,8,3,1,Joshua Palmer,20,0,0.0,79.6,-79.6,lost
2024,1139687099055239168,2,4,8,1,Michael Penix,0,0,0.0,0.0,0.0,even
2024,1139687099055239168,2,8,4,1,Gardner Minshew,6,0,0.0,0.0,0.0,even
2024,1139699153912647680,2,8,9,1,Rashid Shaheed,25,0,0.0,0.0,0.0,even
2024,1139699153912647680,2,9,8,1,Gardner Minshew,0,0,0.0,0.0,0.0,even
2024,1140364062358941696,2,2,8,2,"Russell Wilson, Puka Nacua",0,9,148.92,133.0,15.92,won
2024,1140364062358941696,2,8,2,2,"Malik Nabers, Jaylen Wright",0,10,133.0,148.92,-15.92,lost
2024,1140732512734609408,2,2,8,1,Jaylen Wright,0,0,0.0,0.0,0.0,even
2024,1140732512734609408,2,8,2,0,,2,0,0.0,0.0,0.0,even
2024,1140766319865024512,2,4,6,2,"Caleb Williams, Chris Godwin",20,12,180.78,109.5,71.28,won
2024,1140766319865024512,2,6,4,3,"Dalton Kincaid, Jordan Mason, Will Levis",0,11,109.5,180.78,-71.28,lost
2024,1140815127952949248,2,2,8,1,Pat Freiermuth,0,0,0.0,0.0,0.0,even
2024,1140815127952949248,2,8,2,1,Jacoby Brissett,0,0,0.0,0.0,0.0,even
2024,1141214397567799296,2,3,8,1,Joshua Palmer,0,0,0.0,0.0,0.0,even
2024,1141214397567799296,2,8,3,0,,1,0,0.0,0.0,0.0,even
2024,1141777009778118656,2,2,4,0,,2,0,0.0,0.0,0.0,even
2024,1141777009778118656,2,4,2,1,Pat Freiermuth,0,0,0.0,0.0,0.0,even
2024,1141781269110616064,2,2,4,1,Mike Evans,0,5,56.2,87.5,-31.3,lost
2024,1141781269110616064,2,4,2,1,J.K. Dobbins,22,8,87.5,56.2,31.3,won
2024,1142190113250983936,3,2,8,1,Jaleel McLaughlin,0,0,0.0,0.0,0.0,even
2024,1142190113250983936,3,8,2,0,,1,0,0.0,0.0,0.0,even
2024,1142211204195299328,3,4,8,1,Jameis Winston,0,0,0.0,0.0,0.0,even
2024,1142211204195299328,3,8,4,0,,4,0,0.0,0.0,0.0,even
2024,1142248867069562880,3,2,4,1,Pat Freiermuth,0,0,0.0,0.0,0.0,even
2024,1142248867069562880,3,4,2,0,,1,0,0.0,0.0,0.0,even
2024,1142494511709532160,3,2,4,1,Chase Brown,0,3,30.1,0.0,30.1,won
2024,1142494511709532160,3,4,2,1,Quentin Johnston,0,0,0.0,30.1,-30.1,lost
2024,1144289052917780480,3,7,9,1,Cam Akers,40,0,0.0,0.0,0.0,even
2024,1144289052917780480,3,9,7,1,Zamir White,0,0,0.0,0.0,0.0,even
2024,1144302156606996480,3,6,7,1,Cam Akers,0,0,0.0,0.0,0.0,even
2024,1144302156606996480,3,7,6,0,,5,0,0.0,0.0,0.0,even
2024,1146925422123331584,4,6,8,1,James Conner,0,9,118.1,69.0,49.1,won
2024,1146925422123331584,4,8,6,1,Brian Robinson,0,6,69.0,118.1,-49.1,lost
2024,1149079840277131264,5,1,2,1,Gardner Minshew,1,0,0.0,0.0,0.0,even
2024,1149079840277131264,5,2,1,0,,0,0,0.0,0.0,0.0,even
2024,1149378746479185920,5,5,9,3,"Keon Coleman, Najee Harris, Jalen Tolbert",0,3,16.3,88.4,-72.1,lost
2024,1149378746479185920,5,9,5,2,"Derek Carr, George Pickens",0,7,88.4,16.3,72.1,won
2024,1149727442047885312,6,5,9,1,Courtland Sutton,0,1,13.3,12.42,0.88,won
2024,1149727442047885312,6,9,5,1,Spencer Rattler,0,1,12.42,13.3,-0.88,lost
2024,1149859373716664320,6,4,8,1,JuJu Smith-Schuster,0,1,0.0,0.0,0.0,even
2024,1149859373716664320,6,8,4,0,,20,0,0.0,0.0,0.0,even
2024,1149866856711352320,6,3,4,1,Isiah Pacheco,0,0,0.0,0.0,0.0,even
2024,1149866856711352320,6,4,3,1,Gus Edwards,40,0,0.0,0.0,0.0,even
2024,1150846722114043904,6,1,6,1,Will Levis,0,1,7.3,119.0,-111.7,lost
2024,1150846722114043904,6,6,1,2,"Matthew Stafford, Jaylen Warren",0,7,119.0,7.3,111.7,won
2024,1151224539658194944,6,2,8,0,,2,0,0.0,7.5,-7.5,lost
2024,1151224539658194944,6,8,2,1,Wan'Dale Robinson,0,1,7.5,0.0,7.5,won
2024,1151930861919576064,6,5,12,1,Zay Flowers,0,0,0.0,0.0,0.0,even
2024,1151930861919576064,6,12,5,1,Najee Harris,0,0,0.0,0.0,0.0,even
2024,1151937087680159744,6,5,12,2,"Travis Etienne, Zay Flowers",0,7,79.3,167.68,-88.38,lost
2024,1151937087680159744,6,12,5,2,"Courtland Sutton, Najee Harris",0,11,167.68,79.3,88.38,won
2024,1152247735970598912,7,1,5,1,Tyler Huntley,10,0,0.0,0.0,0.0,even
2024,1152247735970598912,7,5,1,1,Isaiah Likely,0,0,0.0,0.0,0.0,even
2024,1152320635445846016,7,7,9,1,Nick Chubb,0,3,27.5,51.1,-23.6,lost
2024,1152320635445846016,7,9,7,1,Sam LaPorta,0,5,51.1,27.5,23.6,won
2024,1152797604314423296,7,2,8,1,Jaylen Warren,0,1,8.8,16.7,-7.9,lost
2024,1152797604314423296,7,8,2,1,DeMario Douglas,0,2,16.7,8.8,7.9,won
2024,1152828764151017472,7,2,8,1,New Orleans Saints,1,0,0.0,0.0,0.0,even
2024,1152828764151017472,7,8,2,0,,0,0,0.0,0.0,0.0,even
2024,1154491693983649792,7,9,12,2,"Michael Pittman, Aaron Rodgers",0,11,119.72,169.6,-49.88,lost
2024,1154491693983649792,7,12,9,2,"Patrick Mahomes, Pittsburgh Steelers",0,10,169.6,119.72,49.88,won
2024,1154788448486723584,8,1,5,1,Xavier Worthy,0,1,7.1,21.3,-14.2,lost
2024,1154788448486723584,8,5,1,1,Hunter Henry,0,3,21.3,7.1,14.2,won
2024,1154800328995454976,8,4,11,1,Justin Fields,0,0,0.0,0.0,0.0,even
2024,1154800328995454976,8,11,4,0,,3,0,0.0,0.0,0.0,even
2024,1155199270530785280,8,6,9,2,"Derek Carr, DJ Moore",0,10,129.48,107.22,22.26,won
2024,1155199270530785280,8,9,6,2,"Marvin Harrison, Daniel Jones",0,9,107.22,129.48,-22.26,lost
2024,1156271774888452096,8,10,11,1,Drew Brees,1,0,0.0,0.0,0.0,even
2024,1156271774888452096,8,11,10,0,,1,0,0.0,0.0,0.0,even
2024,1157077299762925568,8,1,2,2,"Jameis Winston, Chase Brown",34,5,97.7,126.8,-29.1,lost
2024,1157077299762925568,8,2,1,2,"Tyrone Tracy, Calvin Ridley",0,11,126.8,97.7,29.1,won
2024,1157139388451651584,8,1,11,1,Justin Herbert,0,6,102.94,139.12,-36.18,lost
2024,1157139388451651584,8,11,1,2,"Jameis Winston, Tank Dell",0,10,139.12,102.94,36.18,won
2024,1157141852051832832,8,1,8,1,Breece Hall,0,4,53.4,95.8,-42.4,lost
2024,1157141852051832832,8,8,1,1,Bijan Robinson,0,5,95.8,53.4,42.4,won
2024,1157363028825022464,9,6,9,1,Braelon Allen,0,1,10.1,0.0,10.1,won
2024,1157363028825022464,9,9,6,1,Jordan Mason,11,0,0.0,10.1,-10.1,lost
2024,1157411590673797120,9,2,8,1,Sean Tucker,0,0,0.0,0.0,0.0,even
2024,1157411590673797120,9,8,2,0,,0,0,0.0,0.0,0.0,even
2024,1158629408073388032,9,7,9,0,,5,0,0.0,62.22,-62.22,lost
2024,1158629408073388032,9,9,7,1,Anthony Richardson,0,3,62.22,0.0,62.22,won
2024,1158852042946928640,9,1,8,1,Dalton Schultz,2,0,0.0,0.0,0.0,even
2024,1158852042946928640,9,8,1,0,,0,0,0.0,0.0,0.0,even
2024,1159610238887268352,9,2,8,0,,2,0,0.0,0.0,0.0,even
2024,1159610238887268352,9,8,2,1,Christian Watson,0,0,0.0,0.0,0.0,even
2024,1160029255372333056,10,4,12,1,Josh Allen,20,4,122.48,46.3,76.18,won
2024,1160029255372333056,10,12,4,2,"Caleb Williams, Jonathan Taylor",0,5,46.3,122.48,-76.18,lost
2024,1161471146933567488,10,2,8,1,Andy Dalton,1,0,0.0,0.0,0.0,even
2024,1161471146933567488,10,8,2,0,,0,0,0.0,0.0,0.0,even
2024,1161813875155673088,10,4,8,1,Chicago Bears,0,2,9.0,0.0,9.0,won
2024,1161813875155673088,10,8,4,1,New York Jets,5,0,0.0,9.0,-9.0,lost
2024,1162109711152910336,10,1,9,2,"Daniel Jones, Jordan Mason",0,0,0.0,0.0,0.0,even
2024,1162109711152910336,10,9,1,1,Joe Flacco,0,0,0.0,0.0,0.0,even
2024,1162443488051593216,11,2,4,0,,2,0,0.0,0.0,0.0,even
2024,1162443488051593216,11,4,2,1,Trey Lance,0,0,0.0,0.0,0.0,even
2024,1164652138216370176,11,3,4,1,Kareem Hunt,0,1,10.2,1.4,8.8,won
2024,1164652138216370176,11,4,3,2,"Javonte Williams, Quentin Johnston",0,2,1.4,10.2,-8.8,lost
2024,1164679873621909504,11,2,7,1,Justin Jefferson,1,3,45.8,63.4,-17.6,lost
2024,1164679873621909504,11,7,2,2,"Mike Evans, DK Metcalf",0,6,63.4,45.8,17.6,won
2024,1164931579274342400,12,1,2,1,Audric Estime,0,1,1.5,0.0,1.5,won
2024,1164931579274342400,12,2,1,1,Jaylen Wright,2,0,0.0,1.5,-1.5,lost
2024,1165092753160757248,12,1,6,1,Trevor Lawrence,0,0,0.0,39.32,-39.32,lost
2024,1165092753160757248,12,6,1,1,Will Levis,0,3,39.32,0.0,39.32,won
2025,1266251139876134912,1,1,2,2,"Geno Smith, Chris Godwin",0,9,104.56,271.6,-167.04,lost
2025,1266251139876134912,1,2,1,2,"Chris Olave, Jaylen Warren",0,23,271.6,104.56,167.04,won
2025,1266487184618176512,1,2,8,3,"Spencer Rattler, Bhayshul Tuten, Drake London",0,4,42.9,121.0,-78.1,lost
2025,1266487184618176512,1,8,2,3,"Tony Pollard, Tee Higgins, Jameson Williams",0,12,121.0,42.9,78.1,won
2025,1266543195047591936,1,2,8,1,Woody Marks,0,0,0.0,0.0,0.0,even
2025,1266543195047591936,1,8,2,0,,1,0,0.0,0.0,0.0,even
2025,1274035449957986304,3,4,8,1,Jameson Williams,0,0,0.0,0.0,0.0,even
2025,1274035449957986304,3,8,4,1,James Conner,0,0,0.0,0.0,0.0,even
2025,1274066570787688448,3,8,9,2,"Travis Hunter, Jacory Croskey-Merritt",0,0,0.0,5.2,-5.2,lost
2025,1274066570787688448,3,9,8,3,"James Conner, Tony Pollard, Jaylen Waddle",0,1,5.2,0.0,5.2,won
2025,1274069019334303744,3,7,9,2,"Troy Franklin, Tony Pollard",0,8,54.4,81.6,-27.2,lost
2025,1274069019334303744,3,9,7,1,J.K. Dobbins,0,8,81.6,54.4,27.2,won
2025,1274070143642664960,3,4,8,2,"Travis Hunter, Jacory Croskey-Merritt",0,0,0.0,108.9,-108.9,lost
2025,1274070143642664960,3,8,4,3,"Cedric Tillman, George Kittle, Jordan Addison",25,9,108.9,0.0,108.9,won
2025,1274086758883020800,3,4,6,2,"Cam Ward, Justin Herbert",26,1,8.0,148.68,-140.68,lost
2025,1274086758883020800,3,6,4,3,"Travis Hunter, Jacory Croskey-Merritt, Trevor Lawrence",0,12,148.68,8.0,140.68,won
2025,1275142927428902912,3,3,4,3,"Josh Jacobs, Justin Herbert, Jameson Williams",0,24,383.54,276.7,106.84,won
2025,1275142927428902912,3,4,3,3,"Cam Skattebo, Baker Mayfield, Terry McLaurin",0,18,276.7,383.54,-106.84,lost
2025,1276231641722810368,3,6,9,2,"Jake Browning, Jaylen Waddle",0,11,134.56,57.5,77.06,won
2025,1276231641722810368,3,9,6,1,Marvin Harrison,0,5,57.5,134.56,-77.06,lost
2025,1276261773724360704,3,1,6,1,Kaleb Johnson,0,0,0.0,0.0,0.0,even
2025,1276261773724360704,3,6,1,1,Romeo Doubs,5,0,0.0,0.0,0.0,even
2025,1278760200395833344,4,2,4,1,Derrick Henry,0,9,133.0,0.0,133.0,won
2025,1278760200395833344,4,4,2,1,Drake London,0,0,0.0,133.0,-133.0,lost
2025,1279611453338288128,5,1,4,2,"Woody Marks, Drake London",32,13,180.5,124.4,56.1,won
2025,1279611453338288128,5,4,1,2,"DJ Moore, James Cook",0,12,124.4,180.5,-56.1,lost
2025,1283239228003581952,6,2,8,0,,0,0,0.0,0.0,0.0,even
2025,1283239228003581952,6,8,2,1,Emari Demercado,1,0,0.0,0.0,0.0,even
2025,1287824272873517056,8,1,3,0,,1,0,0.0,1.9,-1.9,lost
2025,1287824272873517056,8,3,1,1,Chris Godwin,0,1,1.9,0.0,1.9,won
2025,1291439329205297152,9,2,4,1,Terry McLaurin,0,1,5.6,5.7,-0.1,lost
2025,1291439329205297152,9,4,2,1,Dalton Kincaid,4,1,5.7,5.6,0.1,won
2025,1291774772413239296,10,5,9,3,"Marvin Harrison, Rico Dowdle, Brock Purdy",0,9,111.04,106.08,4.96,won
2025,1291774772413239296,10,9,5,3,"Caleb Williams, Justin Jefferson, Rhamondre Stevenson",0,10,106.08,111.04,-4.96,lost
2025,1294065300647460864,10,1,9,1,Jacoby Brissett,0,4,79.24,15.2,64.04,won
2025,1294065300647460864,10,9,1,1,Zach Charbonnet,0,2,15.2,79.24,-64.04,lost
2025,1295431878857195520,11,6,7,1,Blake Corum,5,0,0.0,31.74,-31.74,lost
2025,1295431878857195520,11,7,6,1,Jameis Winston,0,1,31.74,0.0,31.74,won
2025,1297108691450859520,12,4,9,1,Shedeur Sanders,0,2,43.72,0.0,43.72,won
2025,1297108691450859520,12,9,4,1,Chris Rodriguez,0,0,0.0,43.72,-43.72,lost
2025,1300649782938734592,13,2,8,1,DJ Moore,3,0,0.0,0.0,0.0,even
2025,1300649782938734592,13,8,2,0,,0,0,0.0,0.0,0.0,even
2026,1401068278192828416,1,4,12,1,Trey McBride,0,4,69.2,47.5,21.7,won
2026,1401068278192828416,1,12,4,1,Chase Brown,0,4,47.5,69.2,-21.7,lost
2026,1408101896673144832,2,2,6,1,Quentin Johnston,0,0,0.0,26.5,-26.5,lost
2026,1408101896673144832,2,6,2,1,Aaron Jones,0,2,26.5,0.0,26.5,won
2026,1410657976045309952,3,1,2,1,Adonai Mitchell,0,0,0.0,0.0,0.0,even
2026,1410657976045309952,3,2,1,1,Jonah Coleman,0,0,0.0,0.0,0.0,even
2026,1411083123197825024,4,5,11,1,Harrison Butker,0,1,6.0,12.0,-6.0,lost
2026,1411083123197825024,4,11,5,1,Cameron Dicker,8,1,12.0,6.0,6.0,won
2026,1413220396173361152,4,4,9,2,"DJ Moore, Jaylen Warren",20,0,0.0,0.0,0.0,even
2026,1413220396173361152,4,9,4,2,"A.J. Brown, David Montgomery",0,0,0.0,0.0,0.0,even
