transaction_id,season,week,is_preseason,type,status,roster_id,player_id,player_name,action,waiver_bid,created_at
1398150817663430656,2026,1,True,free_agent,complete,11,9508,Tyjae Spears,add,,2026-08-25 21:27:20.618000-04:00
1398390455154040832,2026,1,True,free_agent,complete,10,13293,Ja'Kobi Lane,drop,,2026-08-26 13:19:34.648000-04:00
1398390455154040832,2026,1,True,free_agent,complete,10,13602,Jack Strand,add,,2026-08-26 13:19:34.648000-04:00
1398492036553793536,2026,1,True,waiver,complete,10,13293,Ja'Kobi Lane,add,0,2026-08-26 20:03:13.542000-04:00
1399921462244057088,2026,1,True,free_agent,complete,5,13285,Malachi Fields,add,,2026-08-30 18:43:15.183000-04:00
1399932551233044480,2026,1,True,free_agent,complete,6,5844,T.J. Hockenson,drop,,2026-08-30 19:27:19.004000-04:00
1399932551233044480,2026,1,True,free_agent,complete,6,11834,Devaughn Vele,add,,2026-08-30 19:27:19.004000-04:00
1400549575512604672,2026,1,True,free_agent,complete,11,NE,New England Patriots,drop,,2026-09-01 12:19:09.057000-04:00
1400549575512604672,2026,1,True,free_agent,complete,11,DET,Detroit Lions,add,,2026-09-01 12:19:09.057000-04:00
1400615716041846784,2026,1,True,free_agent,complete,6,4017,Deshaun Watson,add,,2026-09-01 16:41:58.187000-04:00
1400870860344029184,2026,1,True,free_agent,complete,9,11624,Xavier Worthy,drop,,2026-09-02 09:35:49.329000-04:00
1400870860344029184,2026,1,True,free_agent,complete,9,3321,Tyreek Hill,add,,2026-09-02 09:35:49.329000-04:00
1400921986397388800,2026,1,True,free_agent,complete,9,3321,Tyreek Hill,drop,,2026-09-02 12:58:58.730000-04:00
1400921986397388800,2026,1,True,free_agent,complete,9,8180,Jalen Nailor,add,,2026-09-02 12:58:58.730000-04:00
1400988792944398336,2026,1,True,free_agent,complete,2,13311,Chris Bell,drop,,2026-09-02 17:24:26.653000-04:00
1400988792944398336,2026,1,True,free_agent,complete,2,9504,Kayshon Boutte,add,,2026-09-02 17:24:26.653000-04:00
1401068278192828416,2026,1,True,trade,complete,12,8130,Trey McBride,drop,,2026-09-02 22:40:17.413000-04:00
1401068278192828416,2026,1,True,trade,complete,4,9224,Chase Brown,drop,,2026-09-02 22:40:17.413000-04:00
1401068278192828416,2026,1,True,trade,complete,4,8130,Trey McBride,add,,2026-09-02 22:40:17.413000-04:00
1401068278192828416,2026,1,True,trade,complete,12,9224,Chase Brown,add,,2026-09-02 22:40:17.413000-04:00
1401075001737654272,2026,1,True,free_agent,complete,6,11834,Devaughn Vele,drop,,2026-09-02 23:07:00.430000-04:00
1401075001737654272,2026,1,True,free_agent,complete,6,8800,Malik Davis,add,,2026-09-02 23:07:00.430000-04:00
1401081217473867776,2026,1,True,free_agent,complete,4,1479,Keenan Allen,drop,,2026-09-02 23:31:42.378000-04:00
1401081217473867776,2026,1,True,free_agent,complete,4,11370,Chris Brooks,add,,2026-09-02 23:31:42.378000-04:00
1401298123506081792,2026,1,True,free_agent,complete,2,13413,Cyrus Allen,drop,,2026-09-03 13:53:36.805000-04:00
1401298123506081792,2026,1,True,free_agent,complete,2,GB,Green Bay Packers,add,,2026-09-03 13:53:36.805000-04:00
1401298580794253312,2026,1,True,waiver,complete,9,8180,Jalen Nailor,drop,,2026-09-03 13:55:25.832000-04:00
1401298580794253312,2026,1,True,waiver,complete,9,13413,Cyrus Allen,add,10,2026-09-03 13:55:25.832000-04:00
1402767641428369408,2026,1,True,free_agent,complete,9,8180,Jalen Nailor,add,,2026-09-07 15:12:57.180000-04:00
1403161310425845760,2026,1,True,free_agent,complete,8,8210,Chig Okonkwo,drop,,2026-09-08 17:17:15.183000-04:00
1403161310425845760,2026,1,True,free_agent,complete,8,KC,Kansas City Chiefs,add,,2026-09-08 17:17:15.183000-04:00
1403161341065228288,2026,1,True,free_agent,complete,8,9225,Tank Bigsby,drop,,2026-09-08 17:17:22.489000-04:00
1403161341065228288,2026,1,True,free_agent,complete,8,12185,Spencer Shrader,add,,2026-09-08 17:17:22.489000-04:00
1403161643487096832,2026,1,True,waiver,complete,9,8180,Jalen Nailor,drop,,2026-09-08 17:18:34.591000-04:00
1403161643487096832,2026,1,True,waiver,complete,9,8210,Chig Okonkwo,add,10,2026-09-08 17:18:34.591000-04:00
1403504053555666944,2026,1,False,free_agent,complete,1,13337,Emmett Johnson,drop,,2026-09-09 15:59:11.513000-04:00
1403504053555666944,2026,1,False,free_agent,complete,1,9482,Michael Mayer,add,,2026-09-09 15:59:11.513000-04:00
1403812209926103040,2026,1,False,free_agent,complete,7,10235,Roschon Johnson,add,,2026-09-10 12:23:41.717000-04:00
1403964166586339328,2026,1,False,free_agent,complete,2,6083,Matt Gay,add,,2026-09-10 22:27:31.009000-04:00
1404196407719563264,2026,1,False,free_agent,complete,3,4574,Cooper Rush,add,,2026-09-11 13:50:21.609000-04:00
1404201667162820608,2026,1,False,free_agent,complete,6,4017,Deshaun Watson,drop,,2026-09-11 14:11:15.559000-04:00
1404201667162820608,2026,1,False,free_agent,complete,6,13311,Chris Bell,add,,2026-09-11 14:11:15.559000-04:00
1404416485572546560,2026,1,False,free_agent,complete,4,13305,Mike Washington,drop,,2026-09-12 04:24:52.258000-04:00
1404416485572546560,2026,1,False,free_agent,complete,4,12483,Jack Bech,add,,2026-09-12 04:24:52.258000-04:00
1404456670876217344,2026,1,False,free_agent,complete,6,8205,Isiah Pacheco,drop,,2026-09-12 07:04:33.181000-04:00
1404456779055722496,2026,1,False,waiver,complete,6,13305,Mike Washington,add,3,2026-09-12 07:04:58.973000-04:00
1404848528261484544,2026,1,False,free_agent,complete,1,11625,Adonai Mitchell,drop,,2026-09-13 09:01:39.263000-04:00
1404848528261484544,2026,1,False,free_agent,complete,1,12711,Tyler Loop,add,,2026-09-13 09:01:39.263000-04:00
1404869029675479040,2026,1,False,free_agent,complete,7,10235,Roschon Johnson,drop,,2026-09-13 10:23:07.180000-04:00
1405560116161302528,2026,1,False,waiver,complete,6,13311,Chris Bell,drop,,2026-09-15 08:09:15.038000-04:00
1405560116161302528,2026,1,False,waiver,complete,6,12492,Pat Bryant,add,6,2026-09-15 08:09:15.038000-04:00
1405560235841622016,2026,1,False,waiver,complete,6,8800,Malik Davis,drop,,2026-09-15 08:09:43.573000-04:00
1405560235841622016,2026,1,False,waiver,complete,6,4454,Kendrick Bourne,add,3,2026-09-15 08:09:43.573000-04:00
1405614677509120000,2026,1,False,free_agent,complete,10,13293,Ja'Kobi Lane,drop,,2026-09-15 11:46:03.477000-04:00
1405629730715103232,2026,1,False,waiver,complete,10,8676,Rashid Shaheed,drop,,2026-09-15 12:45:52.441000-04:00
1405629730715103232,2026,1,False,waiver,complete,10,3161,Carson Wentz,add,19,2026-09-15 12:45:52.441000-04:00
1405704851945484288,2026,1,False,waiver,complete,4,12015,Harrison Mevis,drop,,2026-09-15 17:44:22.738000-04:00
1405704851945484288,2026,1,False,waiver,complete,4,13545,Trey Smack,add,2,2026-09-15 17:44:22.738000-04:00
1405705548183175168,2026,1,False,waiver,complete,4,PIT,Pittsburgh Steelers,drop,,2026-09-15 17:47:08.735000-04:00
1405705548183175168,2026,1,False,waiver,complete,4,CAR,Carolina Panthers,add,0,2026-09-15 17:47:08.735000-04:00
1405729002173284352,2026,1,False,waiver,complete,3,4574,Cooper Rush,drop,,2026-09-15 19:20:20.602000-04:00
1405729002173284352,2026,1,False,waiver,complete,3,11834,Devaughn Vele,add,10,2026-09-15 19:20:20.602000-04:00
1405729120280690688,2026,1,False,waiver,complete,3,11655,Tyrone Tracy,drop,,2026-09-15 19:20:48.760000-04:00
1405729120280690688,2026,1,False,waiver,complete,3,6130,Devin Singletary,add,10,2026-09-15 19:20:48.760000-04:00
1405757830086049792,2026,1,False,waiver,complete,4,12048,George Holani,add,0,2026-09-15 21:14:53.712000-04:00
1405758472154345472,2026,1,False,waiver,complete,1,JAX,Jacksonville Jaguars,drop,,2026-09-15 21:17:26.793000-04:00
1405758472154345472,2026,1,False,waiver,complete,1,SF,San Francisco 49ers,add,2,2026-09-15 21:17:26.793000-04:00
1405762701526921216,2026,1,False,waiver,complete,8,5854,Drew Lock,add,18,2026-09-15 21:34:15.153000-04:00
1405763792834478080,2026,1,False,waiver,complete,1,9482,Michael Mayer,drop,,2026-09-15 21:38:35.342000-04:00
1405763792834478080,2026,1,False,waiver,complete,1,13337,Emmett Johnson,add,6,2026-09-15 21:38:35.342000-04:00
1405782384242069504,2026,1,False,waiver,complete,2,9504,Kayshon Boutte,drop,,2026-09-15 22:52:27.879000-04:00
1405782384242069504,2026,1,False,waiver,complete,2,8134,Khalil Shakir,add,1,2026-09-15 22:52:27.879000-04:00
1405850676210208768,2026,2,False,free_agent,complete,4,CAR,Carolina Panthers,drop,,2026-09-16 03:23:49.953000-04:00
1405850676210208768,2026,2,False,free_agent,complete,4,TB,Tampa Bay Buccaneers,add,,2026-09-16 03:23:49.953000-04:00
1405959128370708480,2026,2,False,free_agent,complete,9,13413,Cyrus Allen,drop,,2026-09-16 10:34:46.963000-04:00
1406188122798116864,2026,2,False,free_agent,complete,4,12048,George Holani,drop,,2026-09-17 01:44:43.488000-04:00
1406188122798116864,2026,2,False,free_agent,complete,4,6931,DeeJay Dallas,add,,2026-09-17 01:44:43.488000-04:00
1406269425572737024,2026,2,False,free_agent,complete,2,1373,Geno Smith,drop,,2026-09-17 07:07:47.581000-04:00
1406269425572737024,2026,2,False,free_agent,complete,2,3321,Tyreek Hill,add,,2026-09-17 07:07:47.581000-04:00
1406277099915935754,2026,2,False,waiver,complete,7,1166,Kirk Cousins,drop,,2026-09-17 07:38:17.287000-04:00
1406277099915935754,2026,2,False,waiver,complete,7,1373,Geno Smith,add,1,2026-09-17 07:38:17.287000-04:00
1406364915131858944,2026,2,False,free_agent,complete,6,4454,Kendrick Bourne,drop,,2026-09-17 13:27:14.065000-04:00
1406364915131858944,2026,2,False,free_agent,complete,6,5012,Mark Andrews,add,,2026-09-17 13:27:14.065000-04:00
1406517301188063232,2026,2,False,free_agent,complete,2,3321,Tyreek Hill,drop,,2026-09-17 23:32:45.732000-04:00
1406517301188063232,2026,2,False,free_agent,complete,2,13301,Antonio Williams,add,,2026-09-17 23:32:45.732000-04:00
1406769447921868800,2026,2,False,free_agent,complete,9,CAR,Carolina Panthers,add,,2026-09-18 16:14:42.199000-04:00
1406769544067870720,2026,2,False,free_agent,complete,7,NYG,New York Giants,add,,2026-09-18 16:15:05.121000-04:00
1406902385816752128,2026,2,False,free_agent,complete,4,6931,DeeJay Dallas,drop,,2026-09-19 01:02:57.062000-04:00
1406902385816752128,2026,2,False,free_agent,complete,4,9504,Kayshon Boutte,add,,2026-09-19 01:02:57.062000-04:00
1407433253249384448,2026,2,False,free_agent,complete,3,12493,Oronde Gadsden,drop,,2026-09-20 12:12:25.721000-04:00
1407433253249384448,2026,2,False,free_agent,complete,3,9482,Michael Mayer,add,,2026-09-20 12:12:25.721000-04:00
1407905411629137920,2026,2,False,free_agent,complete,7,NYG,New York Giants,drop,,2026-09-21 19:28:37.052000-04:00
1407905411629137920,2026,2,False,free_agent,complete,7,6865,Colby Parkinson,add,,2026-09-21 19:28:37.052000-04:00
1408082468921225216,2026,2,False,waiver,complete,3,6768,Tua Tagovailoa,drop,,2026-09-22 07:12:10.800000-04:00
1408082468921225216,2026,2,False,waiver,complete,3,2307,Marcus Mariota,add,40,2026-09-22 07:12:10.800000-04:00
1408088235925659648,2026,2,False,free_agent,complete,2,13301,Antonio Williams,drop,,2026-09-22 07:35:05.767000-04:00
1408088302971588608,2026,2,False,waiver,complete,2,11625,Adonai Mitchell,add,5,2026-09-22 07:35:21.745000-04:00
1408088371074551808,2026,2,False,waiver,complete,2,7571,Rashod Bateman,add,5,2026-09-22 07:35:37.983000-04:00
1408088851603361792,2026,2,False,free_agent,complete,2,13296,Caleb Douglas,drop,,2026-09-22 07:37:32.553000-04:00
1408099848380506112,2026,2,False,waiver,complete,5,13285,Malachi Fields,drop,,2026-09-22 08:21:14.386000-04:00
1408099848380506112,2026,2,False,waiver,complete,5,13346,Denzel Boston,add,25,2026-09-22 08:21:14.386000-04:00
1408101896673144832,2026,2,False,trade,complete,2,4199,Aaron Jones,drop,,2026-09-22 08:29:22.737000-04:00
1408101896673144832,2026,2,False,trade,complete,6,9754,Quentin Johnston,drop,,2026-09-22 08:29:22.737000-04:00
1408101896673144832,2026,2,False,trade,complete,6,4199,Aaron Jones,add,,2026-09-22 08:29:22.737000-04:00
1408101896673144832,2026,2,False,trade,complete,2,9754,Quentin Johnston,add,,2026-09-22 08:29:22.737000-04:00
1408110593558294528,2026,2,False,waiver,complete,7,LAC,Los Angeles Chargers,drop,,2026-09-22 09:03:56.235000-04:00
1408110593558294528,2026,2,False,waiver,complete,7,11435,Emanuel Wilson,add,11,2026-09-22 09:03:56.235000-04:00
1408113529873080320,2026,2,False,waiver,complete,7,6865,Colby Parkinson,drop,,2026-09-22 09:15:36.308000-04:00
1408113529873080320,2026,2,False,waiver,complete,7,12504,Kaleb Johnson,add,6,2026-09-22 09:15:36.308000-04:00
1408123640238579712,2026,2,False,waiver,complete,5,PHI,Philadelphia Eagles,drop,,2026-09-22 09:55:46.807000-04:00
1408123640238579712,2026,2,False,waiver,complete,5,CIN,Cincinnati Bengals,add,10,2026-09-22 09:55:46.807000-04:00
1408123880744198144,2026,2,False,waiver,complete,5,13294,Makai Lemon,drop,,2026-09-22 09:56:44.147000-04:00
1408123880744198144,2026,2,False,waiver,complete,5,5001,Dalton Schultz,add,7,2026-09-22 09:56:44.147000-04:00
1408212166472892416,2026,2,False,waiver,complete,10,1166,Kirk Cousins,add,18,2026-09-22 15:47:33.105000-04:00
1408223075186585600,2026,2,False,waiver,complete,8,10222,Jayden Reed,drop,,2026-09-22 16:30:53.945000-04:00
1408223075186585600,2026,2,False,waiver,complete,8,9480,Brenton Strange,add,2,2026-09-22 16:30:53.945000-04:00
1408310616531255296,2026,2,False,waiver,complete,1,9511,Keaton Mitchell,drop,,2026-09-22 22:18:45.428000-04:00
1408310616531255296,2026,2,False,waiver,complete,1,12493,Oronde Gadsden,add,22,2026-09-22 22:18:45.428000-04:00
1408375086385262592,2026,2,False,waiver,complete,4,10219,Chris Rodriguez,drop,,2026-09-23 02:34:56.239000-04:00
1408375086385262592,2026,2,False,waiver,complete,4,2306,Jameis Winston,add,56,2026-09-23 02:34:56.239000-04:00
1408376112253276160,2026,2,False,waiver,complete,4,11370,Chris Brooks,drop,,2026-09-23 02:39:00.826000-04:00
1408376112253276160,2026,2,False,waiver,complete,4,9225,Tank Bigsby,add,0,2026-09-23 02:39:00.826000-04:00
1408376629402566656,2026,2,False,waiver,complete,4,12483,Jack Bech,drop,,2026-09-23 02:41:04.124000-04:00
1408376629402566656,2026,2,False,waiver,complete,4,8188,Tyquan Thornton,add,0,2026-09-23 02:41:04.124000-04:00
1408377422432231424,2026,2,False,waiver,complete,4,TB,Tampa Bay Buccaneers,drop,,2026-09-23 02:44:13.197000-04:00
1408377422432231424,2026,2,False,waiver,complete,4,NYG,New York Giants,add,0,2026-09-23 02:44:13.197000-04:00
1408396725986549760,2026,3,False,free_agent,complete,4,8188,Tyquan Thornton,drop,,2026-09-23 04:00:55.522000-04:00
1408396725986549760,2026,3,False,free_agent,complete,4,12487,Terrance Ferguson,add,,2026-09-23 04:00:55.522000-04:00
1408397994545397760,2026,3,False,free_agent,complete,4,9504,Kayshon Boutte,drop,,2026-09-23 04:05:57.970000-04:00
1408397994545397760,2026,3,False,free_agent,complete,4,11637,Keon Coleman,add,,2026-09-23 04:05:57.970000-04:00
1408437029796061184,2026,3,False,free_agent,complete,9,8210,Chig Okonkwo,drop,,2026-09-23 06:41:04.699000-04:00
1408511762508042240,2026,3,False,free_agent,complete,3,6130,Devin Singletary,drop,,2026-09-23 11:38:02.366000-04:00
1408573863347920896,2026,3,False,free_agent,complete,4,11637,Keon Coleman,drop,,2026-09-23 15:44:48.361000-04:00
1408573863347920896,2026,3,False,free_agent,complete,4,4663,Austin Ekeler,add,,2026-09-23 15:44:48.361000-04:00
1408781425125208064,2026,3,False,free_agent,complete,5,12508,Jaxson Dart,drop,,2026-09-24 05:29:34.944000-04:00
1408781491185385472,2026,3,False,free_agent,complete,5,4017,Deshaun Watson,add,,2026-09-24 05:29:50.694000-04:00
1408863834042634240,2026,3,False,free_agent,complete,4,4663,Austin Ekeler,drop,,2026-09-24 10:57:02.761000-04:00
1408863834042634240,2026,3,False,free_agent,complete,4,9511,Keaton Mitchell,add,,2026-09-24 10:57:02.761000-04:00
1408938875967094784,2026,3,False,free_agent,complete,4,NYG,New York Giants,drop,,2026-09-24 15:55:14.150000-04:00
1408938875967094784,2026,3,False,free_agent,complete,4,PHI,Philadelphia Eagles,add,,2026-09-24 15:55:14.150000-04:00
1409068159893282816,2026,3,False,free_agent,complete,4,9225,Tank Bigsby,drop,,2026-09-25 00:28:57.840000-04:00
1409068159893282816,2026,3,False,free_agent,complete,4,13288,Nicholas Singleton,add,,2026-09-25 00:28:57.840000-04:00
1409315501636628480,2026,3,False,free_agent,complete,1,7600,Pat Freiermuth,add,,2026-09-25 16:51:48.708000-04:00
1409347614175948800,2026,3,False,free_agent,complete,7,11583,Jonathon Brooks,drop,,2026-09-25 18:59:24.934000-04:00
1409347771374272512,2026,3,False,free_agent,complete,7,NYG,New York Giants,add,,2026-09-25 19:00:02.413000-04:00
1409373952882536448,2026,3,False,free_agent,complete,7,11435,Emanuel Wilson,drop,,2026-09-25 20:44:04.570000-04:00
1409373952882536448,2026,3,False,free_agent,complete,7,11624,Xavier Worthy,add,,2026-09-25 20:44:04.570000-04:00
1409959708386705408,2026,3,False,free_agent,complete,3,11256,Tyson Bagent,add,,2026-09-27 11:31:39.566000-04:00
1410112383371825152,2026,3,False,free_agent,complete,9,3321,Tyreek Hill,add,,2026-09-27 21:38:20.118000-04:00
1410483490914365440,2026,3,False,waiver,complete,10,3451,Ka'imi Fairbairn,drop,,2026-09-28 22:12:59.051000-04:00
1410483490914365440,2026,3,False,waiver,complete,10,6650,Chase McLaughlin,add,0,2026-09-28 22:12:59.051000-04:00
1410516039057354752,2026,3,False,free_agent,complete,6,5012,Mark Andrews,drop,,2026-09-29 00:22:19.133000-04:00
1410564954918039552,2026,3,False,waiver,complete,9,CAR,Carolina Panthers,drop,,2026-09-29 03:36:41.583000-04:00
1410564954918039552,2026,3,False,waiver,complete,9,11643,Jaylen Wright,add,51,2026-09-29 03:36:41.583000-04:00
1410622990361657344,2026,3,False,free_agent,complete,1,7600,Pat Freiermuth,drop,,2026-09-29 07:27:18.311000-04:00
1410623006807437312,2026,3,False,free_agent,complete,1,12493,Oronde Gadsden,drop,,2026-09-29 07:27:22.233000-04:00
1410623164806864896,2026,3,False,waiver,complete,1,11603,AJ Barner,add,0,2026-09-29 07:27:59.904000-04:00
1410642686884564992,2026,3,False,free_agent,complete,7,13269,Fernando Mendoza,drop,,2026-09-29 08:45:34.328000-04:00
1410642878530633728,2026,3,False,free_agent,complete,7,11624,Xavier Worthy,drop,,2026-09-29 08:46:20.020000-04:00
1410643564076994560,2026,3,False,free_agent,complete,7,11581,MarShawn Lloyd,drop,,2026-09-29 08:49:03.468000-04:00
1410643646901915648,2026,3,False,waiver,complete,7,11576,Braelon Allen,add,31,2026-09-29 08:49:23.214000-04:00
1410643697082675200,2026,3,False,waiver,complete,7,3634,Kalif Raymond,add,6,2026-09-29 08:49:35.178000-04:00
1410643748076941312,2026,3,False,waiver,complete,7,13311,Chris Bell,add,1,2026-09-29 08:49:47.337000-04:00
1410644050029121536,2026,3,False,waiver,complete,7,NYG,New York Giants,drop,,2026-09-29 08:50:59.327000-04:00
1410644050029121536,2026,3,False,waiver,complete,7,CLE,Cleveland Browns,add,0,2026-09-29 08:50:59.327000-04:00
1410652056288546816,2026,3,False,free_agent,complete,11,9226,De'Von Achane,drop,,2026-09-29 09:22:48.168000-04:00
1410657976045309952,2026,3,False,trade,complete,2,11625,Adonai Mitchell,drop,,2026-09-29 09:46:19.549000-04:00
1410657976045309952,2026,3,False,trade,complete,1,13345,Jonah Coleman,drop,,2026-09-29 09:46:19.549000-04:00
1410657976045309952,2026,3,False,trade,complete,1,11625,Adonai Mitchell,add,,2026-09-29 09:46:19.549000-04:00
1410657976045309952,2026,3,False,trade,complete,2,13345,Jonah Coleman,add,,2026-09-29 09:46:19.549000-04:00
1410691144882343936,2026,3,False,free_agent,complete,8,5854,Drew Lock,drop,,2026-09-29 11:58:07.615000-04:00
1410702268709273600,2026,3,False,waiver,complete,3,11834,Devaughn Vele,drop,,2026-09-29 12:42:19.743000-04:00
1410702268709273600,2026,3,False,waiver,complete,3,12495,Ollie Gordon,add,40,2026-09-29 12:42:19.743000-04:00
1410717459148767232,2026,3,False,waiver,complete,8,9480,Brenton Strange,drop,,2026-09-29 13:42:41.426000-04:00
1410717459148767232,2026,3,False,waiver,complete,8,9757,Kendre Miller,add,0,2026-09-29 13:42:41.426000-04:00
1410847711342645248,2026,3,False,waiver,complete,12,8132,Tyler Allgeier,drop,,2026-09-29 22:20:15.968000-04:00
1410847711342645248,2026,3,False,waiver,complete,12,1479,Keenan Allen,add,5,2026-09-29 22:20:15.968000-04:00
1410847786361962496,2026,3,False,waiver,complete,6,12718,Konata Mumpfield,add,5,2026-09-29 22:20:33.855000-04:00
1410855932312756224,2026,3,False,waiver,complete,1,SF,San Francisco 49ers,drop,,2026-09-29 22:52:56.001000-04:00
1410855932312756224,2026,3,False,waiver,complete,1,BAL,Baltimore Ravens,add,2,2026-09-29 22:52:56.001000-04:00
1410872139048919040,2026,3,False,waiver,complete,4,13288,Nicholas Singleton,drop,,2026-09-29 23:57:19.988000-04:00
1410872139048919040,2026,3,False,waiver,complete,4,12472,Raheim Sanders,add,0,2026-09-29 23:57:19.988000-04:00
1410872352710930432,2026,3,False,waiver,complete,4,13545,Trey Smack,drop,,2026-09-29 23:58:10.929000-04:00
1410872352710930432,2026,3,False,waiver,complete,4,11792,Will Reichard,add,6,2026-09-29 23:58:10.929000-04:00
1410873955723546624,2026,3,False,waiver,complete,4,12487,Terrance Ferguson,drop,,2026-09-30 00:04:33.117000-04:00
1410873955723546624,2026,3,False,waiver,complete,4,11565,J.J. McCarthy,add,3,2026-09-30 00:04:33.117000-04:00
1410874300298203136,2026,3,False,waiver,complete,12,PIT,Pittsburgh Steelers,add,5,2026-09-30 00:05:55.270000-04:00
1410877579979657216,2026,3,False,waiver,complete,4,PHI,Philadelphia Eagles,drop,,2026-09-30 00:18:57.206000-04:00
1410877579979657216,2026,3,False,waiver,complete,4,LV,Las Vegas Raiders,add,4,2026-09-30 00:18:57.206000-04:00
