season,round,matchup_id,t1_roster_id,t2_roster_id,t1_from,t2_from,winner_roster_id,loser_roster_id,place
2020,1,1,7,4,,,7,4,
2020,1,2,8,10,,,8,10,
2020,2,3,1,7,,W1,7,1,
2020,2,4,2,8,,W2,8,2,
2020,2,5,4,10,L1,L2,10,4,5
2020,3,6,7,8,W3,W4,7,8,1
2020,3,7,1,2,L3,L4,2,1,3
2021,1,1,12,1,,,12,1,
2021,1,2,6,7,,,6,7,
2021,2,3,2,12,,W1,2,12,
2021,2,4,10,6,,W2,10,6,
2021,2,5,1,7,L1,L2,7,1,5
2021,3,6,2,10,W3,W4,2,10,1
2021,3,7,12,6,L3,L4,6,12,3
2022,1,1,10,2,,,2,10,
2022,1,2,9,11,,,9,11,
2022,2,3,4,2,,W1,4,2,
2022,2,4,5,9,,W2,9,5,
2022,2,5,10,11,L1,L2,10,11,5
2022,3,6,4,9,W3,W4,4,9,1
2022,3,7,2,5,L3,L4,5,2,3
2023,1,1,5,9,,,9,5,
2023,1,2,10,2,,,10,2,
2023,2,3,11,9,,W1,11,9,
2023,2,4,3,10,,W2,10,3,
2023,2,5,5,2,L1,L2,5,2,5
2023,3,6,11,10,W3,W4,11,10,1
2023,3,7,9,3,L3,L4,9,3,3
2024,1,1,12,4,,,4,12,
2024,1,2,11,9,,,9,11,
2024,2,3,2,4,,W1,2,4,
2024,2,4,3,9,,W2,3,9,
2024,2,5,12,11,L1,L2,12,11,5
2024,3,6,2,3,W3,W4,2,3,1
2024,3,7,4,9,L3,L4,9,4,3
2025,1,1,11,1,,,1,11,
2025,1,2,8,9,,,8,9,
2025,2,3,6,1,,W1,6,1,
2025,2,4,2,8,,W2,2,8,
2025,2,5,11,9,L1,L2,9,11,5
2025,3,6,6,2,W3,W4,2,6,1
2025,3,7,1,8,L3,L4,1,8,3
2026,1,1,1,12,,,,,
2026,1,2,4,10,,,,,
2026,2,3,6,,,W1,,,
2026,2,4,9,,,W2,,,
2026,2,5,,,L1,L2,,,5
2026,3,6,,,W3,W4,,,1
2026,3,7,,,L3,L4,,,3
